CREATE TABLE alternativas (
    id_unico_a            VARCHAR2(5) NOT NULL,
    descripcion_a         VARCHAR2(250),
    valor_a               CHAR(1),
    peso_a                VARCHAR2(3),
    preguntas_id_unico_p  VARCHAR2(5) NOT NULL
);

ALTER TABLE alternativas ADD CONSTRAINT alternativas_pk PRIMARY KEY ( id_unico_a );

CREATE TABLE curso (
    id_unico_c VARCHAR2(25) NOT NULL
);

ALTER TABLE curso ADD CONSTRAINT curso_pk PRIMARY KEY ( id_unico_c );

CREATE TABLE estudiantes (
    nombre_e          VARCHAR2(25) NOT NULL,
    apellido_p_e      VARCHAR2(25),
    apellido_m_e      VARCHAR2(25),
    curso_id_unico_c  VARCHAR2(25) NOT NULL
);

ALTER TABLE estudiantes ADD CONSTRAINT alumnos_pk PRIMARY KEY ( nombre_e );

CREATE TABLE preguntas (
    id_unico_p       VARCHAR2(5) NOT NULL,
    enunciado_p      VARCHAR2(150),
    puntaje_p        VARCHAR2(5),
    test_id_unico_t  VARCHAR2(5) NOT NULL
);

ALTER TABLE preguntas ADD CONSTRAINT preguntas_pk PRIMARY KEY ( id_unico_p );

CREATE TABLE respuestas (
    estudiantes_nombre_e     VARCHAR2(25) NOT NULL,
    preguntas_id_unico_p     VARCHAR2(5) NOT NULL,
    alternativas_id_unico_a  VARCHAR2(5) NOT NULL,
    respuesta_e              CHAR(1) NOT NULL
);

ALTER TABLE respuestas ADD CONSTRAINT respuesta_pk PRIMARY KEY ( respuesta_e );

CREATE TABLE test (
    id_unico_t        VARCHAR2(5) NOT NULL,
    nombre_t          VARCHAR2(25),
    descripcion_t     VARCHAR2(150),
    programa_t        VARCHAR2(25),
    autor_t           VARCHAR2(25),
    fecha_t           DATE,
    curso_id_unico_c  VARCHAR2(25) NOT NULL
);

ALTER TABLE test ADD CONSTRAINT test_pk PRIMARY KEY ( id_unico_t );

ALTER TABLE alternativas
    ADD CONSTRAINT alternativas_preguntas_fk FOREIGN KEY ( preguntas_id_unico_p )
        REFERENCES preguntas ( id_unico_p );

ALTER TABLE estudiantes
    ADD CONSTRAINT estudiantes_curso_fk FOREIGN KEY ( curso_id_unico_c )
        REFERENCES curso ( id_unico_c );

ALTER TABLE preguntas
    ADD CONSTRAINT preguntas_test_fk FOREIGN KEY ( test_id_unico_t )
        REFERENCES test ( id_unico_t );

ALTER TABLE respuestas
    ADD CONSTRAINT respuestas_alternativas_fk FOREIGN KEY ( alternativas_id_unico_a )
        REFERENCES alternativas ( id_unico_a );

ALTER TABLE respuestas
    ADD CONSTRAINT respuestas_estudiantes_fk FOREIGN KEY ( estudiantes_nombre_e )
        REFERENCES estudiantes ( nombre_e );

ALTER TABLE respuestas
    ADD CONSTRAINT respuestas_preguntas_fk FOREIGN KEY ( preguntas_id_unico_p )
        REFERENCES preguntas ( id_unico_p );

ALTER TABLE test
    ADD CONSTRAINT test_curso_fk FOREIGN KEY ( curso_id_unico_c )
        REFERENCES curso ( id_unico_c );









INSERT INTO "EduardoFinal"."CURSO" (ID_UNICO_C) VALUES ('provi25');
INSERT INTO "EduardoFinal"."CURSO" (ID_UNICO_C) VALUES ('temuco28');
INSERT INTO "EduardoFinal"."ESTUDIANTES" (NOMBRE_E, APELLIDO_P_E, APELLIDO_M_E, CURSO_ID_UNICO_C) VALUES ('Ramon', 'Galegillos', 'Galegilla', 'temuco28');
INSERT INTO "EduardoFinal"."ESTUDIANTES" (NOMBRE_E, APELLIDO_P_E, APELLIDO_M_E, CURSO_ID_UNICO_C) VALUES ('Jose', 'Castro', 'Castrina', 'temuco28');
INSERT INTO "EduardoFinal"."ESTUDIANTES" (NOMBRE_E, APELLIDO_P_E, APELLIDO_M_E, CURSO_ID_UNICO_C) VALUES ('Sofia', 'Cid', 'Cida', 'temuco28');
INSERT INTO "EduardoFinal"."ESTUDIANTES" (NOMBRE_E, APELLIDO_P_E, APELLIDO_M_E, CURSO_ID_UNICO_C) VALUES ('Francisco', 'Eguiguren', 'Eguigurena', 'temuco28');
INSERT INTO "EduardoFinal"."ESTUDIANTES" (NOMBRE_E, APELLIDO_P_E, APELLIDO_M_E, CURSO_ID_UNICO_C) VALUES ('Andres', 'Longton', 'Longtina', 'temuco28');
INSERT INTO "EduardoFinal"."ESTUDIANTES" (NOMBRE_E, APELLIDO_P_E, APELLIDO_M_E, CURSO_ID_UNICO_C) VALUES ('Camila', 'Flores', 'Florecina', 'temuco28');
INSERT INTO "EduardoFinal"."ESTUDIANTES" (NOMBRE_E, APELLIDO_P_E, APELLIDO_M_E, CURSO_ID_UNICO_C) VALUES ('Luis', 'Pardo', 'Pardina', 'temuco28');
INSERT INTO "EduardoFinal"."ESTUDIANTES" (NOMBRE_E, APELLIDO_P_E, APELLIDO_M_E, CURSO_ID_UNICO_C) VALUES ('Mario ', 'Desbordes', 'Desbordina', 'temuco28');
INSERT INTO "EduardoFinal"."ESTUDIANTES" (NOMBRE_E, APELLIDO_P_E, APELLIDO_M_E, CURSO_ID_UNICO_C) VALUES ('Marcela', 'Sabat', 'Sabatina', 'temuco28');
INSERT INTO "EduardoFinal"."ESTUDIANTES" (NOMBRE_E, APELLIDO_P_E, APELLIDO_M_E, CURSO_ID_UNICO_C) VALUES ('Sebastian', 'Piñera', 'Piñerina', 'temuco28');
INSERT INTO "EduardoFinal"."ESTUDIANTES" (NOMBRE_E, APELLIDO_P_E, APELLIDO_M_E, CURSO_ID_UNICO_C) VALUES ('Francisco', 'Cabezas', 'Cabecina', 'provi25');
INSERT INTO "EduardoFinal"."ESTUDIANTES" (NOMBRE_E, APELLIDO_P_E, APELLIDO_M_E, CURSO_ID_UNICO_C) VALUES ('Carlos', 'Silva', 'Silvina', 'provi25');
INSERT INTO "EduardoFinal"."ESTUDIANTES" (NOMBRE_E, APELLIDO_P_E, APELLIDO_M_E, CURSO_ID_UNICO_C) VALUES ('Donald', 'Trump', 'Trumpina', 'provi25');
INSERT INTO "EduardoFinal"."ESTUDIANTES" (NOMBRE_E, APELLIDO_P_E, APELLIDO_M_E, CURSO_ID_UNICO_C) VALUES ('Hillary', 'Clinton', 'Clintina', 'provi25');
INSERT INTO "EduardoFinal"."ESTUDIANTES" (NOMBRE_E, APELLIDO_P_E, APELLIDO_M_E, CURSO_ID_UNICO_C) VALUES ('Ben ', 'Carson', 'Carsina', 'provi25');
INSERT INTO "EduardoFinal"."ESTUDIANTES" (NOMBRE_E, APELLIDO_P_E, APELLIDO_M_E, CURSO_ID_UNICO_C) VALUES ('Elizabeth', 'Warren', 'Warrina', 'provi25');
INSERT INTO "EduardoFinal"."ESTUDIANTES" (NOMBRE_E, APELLIDO_P_E, APELLIDO_M_E, CURSO_ID_UNICO_C) VALUES ('Alexandra', 'Ocasio', 'Ocasina', 'provi25');
INSERT INTO "EduardoFinal"."ESTUDIANTES" (NOMBRE_E, APELLIDO_P_E, APELLIDO_M_E, CURSO_ID_UNICO_C) VALUES ('Sarah', 'Palin', 'Palina', 'provi25');
INSERT INTO "EduardoFinal"."ESTUDIANTES" (NOMBRE_E, APELLIDO_P_E, APELLIDO_M_E, CURSO_ID_UNICO_C) VALUES ('Andrew', 'Yang', 'Yangina', 'provi25');
INSERT INTO "EduardoFinal"."ESTUDIANTES" (NOMBRE_E, APELLIDO_P_E, APELLIDO_M_E, CURSO_ID_UNICO_C) VALUES ('Bernie', 'Sanders', 'Sardina', 'provi25');



INSERT INTO "EduardoFinal"."TEST" (ID_UNICO_T, NOMBRE_T, DESCRIPCION_T, PROGRAMA_T, AUTOR_T, FECHA_T, CURSO_ID_UNICO_C) VALUES ('Test1', 'Java mod 1', 'Preguntas para evaluar los conocimientos adquiridos el primer semestre de los estudiantes del curso Java Full Stack. ', 'Java Full Stack', 'Andrew Gosling', TO_DATE('2020-03-12 00:00:00', 'YYYY-MM-DD HH24:MI:SS'), 'provi25');
INSERT INTO "EduardoFinal"."TEST" (ID_UNICO_T, NOMBRE_T, DESCRIPCION_T, PROGRAMA_T, AUTOR_T, FECHA_T, CURSO_ID_UNICO_C) VALUES ('Test2', 'Android mod 1', 'Preguntas para evaluar los conocimientos adquiridos el primer semestre de los estudiantes del de programación Android.', 'Programación Android', 'Andy Rubin', TO_DATE('2010-10-10 00:00:00', 'YYYY-MM-DD HH24:MI:SS'), 'temuco28');



INSERT INTO "EduardoFinal"."PREGUNTAS" (ID_UNICO_P, ENUNCIADO_P, PUNTAJE_P, TEST_ID_UNICO_T) VALUES ('Q1J', 'Quien es el creador de Java?', '10', 'Test1');
INSERT INTO "EduardoFinal"."PREGUNTAS" (ID_UNICO_P, ENUNCIADO_P, PUNTAJE_P, TEST_ID_UNICO_T) VALUES ('Q2J', 'Qué es un constructor?', '30', 'Test1');
INSERT INTO "EduardoFinal"."PREGUNTAS" (ID_UNICO_P, ENUNCIADO_P, PUNTAJE_P, TEST_ID_UNICO_T) VALUES ('Q3J', 'Seleccione las buenas practicas del programador.', '20', 'Test1');
INSERT INTO "EduardoFinal"."PREGUNTAS" (ID_UNICO_P, ENUNCIADO_P, PUNTAJE_P, TEST_ID_UNICO_T) VALUES ('Q4J', 'Cuando debería utilizar una clase abstracta?', '20', 'Test1');
INSERT INTO "EduardoFinal"."PREGUNTAS" (ID_UNICO_P, ENUNCIADO_P, PUNTAJE_P, TEST_ID_UNICO_T) VALUES ('Q5J', 'Que plataformas soportan ejecutar algoritmos desarrollados en Java?', '20', 'Test1');
INSERT INTO "EduardoFinal"."PREGUNTAS" (ID_UNICO_P, ENUNCIADO_P, PUNTAJE_P, TEST_ID_UNICO_T) VALUES ('Q1A', 'Que es Android?', '10', 'Test2');
INSERT INTO "EduardoFinal"."PREGUNTAS" (ID_UNICO_P, ENUNCIADO_P, PUNTAJE_P, TEST_ID_UNICO_T) VALUES ('Q2A', 'Que ventajas tiene la plataforma respecto a otras?', '20', 'Test2');
INSERT INTO "EduardoFinal"."PREGUNTAS" (ID_UNICO_P, ENUNCIADO_P, PUNTAJE_P, TEST_ID_UNICO_T) VALUES ('Q3A', 'Cual es el porcentaje de celulares que utilizan Android?', '20', 'Test2');
INSERT INTO "EduardoFinal"."PREGUNTAS" (ID_UNICO_P, ENUNCIADO_P, PUNTAJE_P, TEST_ID_UNICO_T) VALUES ('Q4A', 'Cuales son las debilidades del sistema operativo?', '20', 'Test2');
INSERT INTO "EduardoFinal"."PREGUNTAS" (ID_UNICO_P, ENUNCIADO_P, PUNTAJE_P, TEST_ID_UNICO_T) VALUES ('Q5A', 'Seleccione las aplicaciones que pueden contribuir a la creacion de interfaces', '30', 'Test2');

INSERT INTO "EduardoFinal"."ALTERNATIVAS" (ID_UNICO_A, DESCRIPCION_A, VALOR_A, PESO_A, PREGUNTAS_ID_UNICO_P) VALUES ('Q1Ja', 'Andrew Gosling', '1', '1', 'Q1J');
INSERT INTO "EduardoFinal"."ALTERNATIVAS" (ID_UNICO_A, DESCRIPCION_A, VALOR_A, PESO_A, PREGUNTAS_ID_UNICO_P) VALUES ('Q1Jb', 'Brad Pitt', '0', '0', 'Q1J');
INSERT INTO "EduardoFinal"."ALTERNATIVAS" (ID_UNICO_A, DESCRIPCION_A, VALOR_A, PESO_A, PREGUNTAS_ID_UNICO_P) VALUES ('Q1Jc', 'Barack Obama', '0', '0', 'Q1J');
INSERT INTO "EduardoFinal"."ALTERNATIVAS" (ID_UNICO_A, DESCRIPCION_A, VALOR_A, PESO_A, PREGUNTAS_ID_UNICO_P) VALUES ('Q1Jd', 'Ash Ketchum', '0', '0', 'Q1J');
INSERT INTO "EduardoFinal"."ALTERNATIVAS" (ID_UNICO_A, DESCRIPCION_A, VALOR_A, PESO_A, PREGUNTAS_ID_UNICO_P) VALUES ('Q2Ja', 'Para nada', '0', '0', 'Q2J');
INSERT INTO "EduardoFinal"."ALTERNATIVAS" (ID_UNICO_A, DESCRIPCION_A, VALOR_A, PESO_A, PREGUNTAS_ID_UNICO_P) VALUES ('Q2Jb', 'Para instanciar objetos.', '1', '0.5', 'Q2J');
INSERT INTO "EduardoFinal"."ALTERNATIVAS" (ID_UNICO_A, DESCRIPCION_A, VALOR_A, PESO_A, PREGUNTAS_ID_UNICO_P) VALUES ('Q2Jc', 'Para asociar clases abstractas.', '0', '0', 'Q2J');
INSERT INTO "EduardoFinal"."ALTERNATIVAS" (ID_UNICO_A, DESCRIPCION_A, VALOR_A, PESO_A, PREGUNTAS_ID_UNICO_P) VALUES ('Q2Jd', 'Inicializar instancias de una clase.', '1', '0.5', 'Q2J');
INSERT INTO "EduardoFinal"."ALTERNATIVAS" (ID_UNICO_A, DESCRIPCION_A, VALOR_A, PESO_A, PREGUNTAS_ID_UNICO_P) VALUES ('Q3Ja', 'Facilitan la lectura del codigo.', '1', '0.2', 'Q3J');
INSERT INTO "EduardoFinal"."ALTERNATIVAS" (ID_UNICO_A, DESCRIPCION_A, VALOR_A, PESO_A, PREGUNTAS_ID_UNICO_P) VALUES ('Q3Jb', 'Deben ser siempre aplicadas.', '1', '0.2', 'Q3J');
INSERT INTO "EduardoFinal"."ALTERNATIVAS" (ID_UNICO_A, DESCRIPCION_A, VALOR_A, PESO_A, PREGUNTAS_ID_UNICO_P) VALUES ('Q3Jc', 'Una de ellas implica el comentar el codigo.', '1', '0.5', 'Q3J');
INSERT INTO "EduardoFinal"."ALTERNATIVAS" (ID_UNICO_A, DESCRIPCION_A, VALOR_A, PESO_A, PREGUNTAS_ID_UNICO_P) VALUES ('Q3Jd', 'No se necesitan cuando el codigo es corto.', '0', '0', 'Q3J');
INSERT INTO "EduardoFinal"."ALTERNATIVAS" (ID_UNICO_A, DESCRIPCION_A, VALOR_A, PESO_A, PREGUNTAS_ID_UNICO_P) VALUES ('Q4Ja', 'Siempre', '1', '0.5', 'Q4J');
INSERT INTO "EduardoFinal"."ALTERNATIVAS" (ID_UNICO_A, DESCRIPCION_A, VALOR_A, PESO_A, PREGUNTAS_ID_UNICO_P) VALUES ('Q4Jb', 'Nunca', '0', '0', 'Q4J');
INSERT INTO "EduardoFinal"."ALTERNATIVAS" (ID_UNICO_A, DESCRIPCION_A, VALOR_A, PESO_A, PREGUNTAS_ID_UNICO_P) VALUES ('Q4Jc', 'Dependiendo del tipo de relacion que tendran las clases', '1', '0.5', 'Q4J');
INSERT INTO "EduardoFinal"."ALTERNATIVAS" (ID_UNICO_A, DESCRIPCION_A, VALOR_A, PESO_A, PREGUNTAS_ID_UNICO_P) VALUES ('Q4Jd', 'Dependiendo para que plataforma se desarrolla el algoritmo', '0', '0', 'Q4J');
INSERT INTO "EduardoFinal"."ALTERNATIVAS" (ID_UNICO_A, DESCRIPCION_A, VALOR_A, PESO_A, PREGUNTAS_ID_UNICO_P) VALUES ('Q5Ja', 'Nintendo Switch', '1', '0.25', 'Q5J');
INSERT INTO "EduardoFinal"."ALTERNATIVAS" (ID_UNICO_A, DESCRIPCION_A, VALOR_A, PESO_A, PREGUNTAS_ID_UNICO_P) VALUES ('Q5Jb', 'Browsers', '1', '0.25', 'Q5J');
INSERT INTO "EduardoFinal"."ALTERNATIVAS" (ID_UNICO_A, DESCRIPCION_A, VALOR_A, PESO_A, PREGUNTAS_ID_UNICO_P) VALUES ('Q5Jc', 'Celulares', '1', '0.25', 'Q5J');
INSERT INTO "EduardoFinal"."ALTERNATIVAS" (ID_UNICO_A, DESCRIPCION_A, VALOR_A, PESO_A, PREGUNTAS_ID_UNICO_P) VALUES ('Q5Jd', 'Electrodomesticos', '1', '0.25', 'Q5J');
INSERT INTO "EduardoFinal"."ALTERNATIVAS" (ID_UNICO_A, DESCRIPCION_A, VALOR_A, PESO_A, PREGUNTAS_ID_UNICO_P) VALUES ('Q1Aa', 'Un robot', '0', '0', 'Q1A');
INSERT INTO "EduardoFinal"."ALTERNATIVAS" (ID_UNICO_A, DESCRIPCION_A, VALOR_A, PESO_A, PREGUNTAS_ID_UNICO_P) VALUES ('Q1Ab', 'Una marca', '0', '0', 'Q1A');
INSERT INTO "EduardoFinal"."ALTERNATIVAS" (ID_UNICO_A, DESCRIPCION_A, VALOR_A, PESO_A, PREGUNTAS_ID_UNICO_P) VALUES ('Q1Ac', 'Un sistema operativo', '1', '1', 'Q1A');
INSERT INTO "EduardoFinal"."ALTERNATIVAS" (ID_UNICO_A, DESCRIPCION_A, VALOR_A, PESO_A, PREGUNTAS_ID_UNICO_P) VALUES ('Q1Ad', 'Una tribu urbana', '0', '0', 'Q1A');
INSERT INTO "EduardoFinal"."ALTERNATIVAS" (ID_UNICO_A, DESCRIPCION_A, VALOR_A, PESO_A, PREGUNTAS_ID_UNICO_P) VALUES ('Q2Aa', 'Expandido por todo el mundo', '1', '0.2', 'Q2A');
INSERT INTO "EduardoFinal"."ALTERNATIVAS" (ID_UNICO_A, DESCRIPCION_A, VALOR_A, PESO_A, PREGUNTAS_ID_UNICO_P) VALUES ('Q2Ab', 'Su corto nombre ', '0', '0', 'Q2A');
INSERT INTO "EduardoFinal"."ALTERNATIVAS" (ID_UNICO_A, DESCRIPCION_A, VALOR_A, PESO_A, PREGUNTAS_ID_UNICO_P) VALUES ('Q2Ac', 'Oportunidades de mercado', '1', '0.25', 'Q2A');
INSERT INTO "EduardoFinal"."ALTERNATIVAS" (ID_UNICO_A, DESCRIPCION_A, VALOR_A, PESO_A, PREGUNTAS_ID_UNICO_P) VALUES ('Q2Ad', 'Accesibilidad', '1', '0.5', 'Q2A');
INSERT INTO "EduardoFinal"."ALTERNATIVAS" (ID_UNICO_A, DESCRIPCION_A, VALOR_A, PESO_A, PREGUNTAS_ID_UNICO_P) VALUES ('Q3Aa', '81%', '0', '0', 'Q3A');
INSERT INTO "EduardoFinal"."ALTERNATIVAS" (ID_UNICO_A, DESCRIPCION_A, VALOR_A, PESO_A, PREGUNTAS_ID_UNICO_P) VALUES ('Q3Ab', '66%', '0', '0', 'Q3A');
INSERT INTO "EduardoFinal"."ALTERNATIVAS" (ID_UNICO_A, DESCRIPCION_A, VALOR_A, PESO_A, PREGUNTAS_ID_UNICO_P) VALUES ('Q3Ac', '87%', '1', '1', 'Q3A');
INSERT INTO "EduardoFinal"."ALTERNATIVAS" (ID_UNICO_A, DESCRIPCION_A, VALOR_A, PESO_A, PREGUNTAS_ID_UNICO_P) VALUES ('Q3Ad', '58%', '0', '0', 'Q3A');
INSERT INTO "EduardoFinal"."ALTERNATIVAS" (ID_UNICO_A, DESCRIPCION_A, VALOR_A, PESO_A, PREGUNTAS_ID_UNICO_P) VALUES ('Q4Aa', 'Hackeable', '0', '0', 'Q4A');
INSERT INTO "EduardoFinal"."ALTERNATIVAS" (ID_UNICO_A, DESCRIPCION_A, VALOR_A, PESO_A, PREGUNTAS_ID_UNICO_P) VALUES ('Q4Ab', 'Pocas herramientas de desarrollo', '0', '0', 'Q4A');
INSERT INTO "EduardoFinal"."ALTERNATIVAS" (ID_UNICO_A, DESCRIPCION_A, VALOR_A, PESO_A, PREGUNTAS_ID_UNICO_P) VALUES ('Q4Ac', 'Alta competitividad', '1', '1', 'Q4A');
INSERT INTO "EduardoFinal"."ALTERNATIVAS" (ID_UNICO_A, DESCRIPCION_A, VALOR_A, PESO_A, PREGUNTAS_ID_UNICO_P) VALUES ('Q4Ad', 'Limitantes propios del sistema', '0', '0', 'Q4A');
INSERT INTO "EduardoFinal"."ALTERNATIVAS" (ID_UNICO_A, DESCRIPCION_A, VALOR_A, PESO_A, PREGUNTAS_ID_UNICO_P) VALUES ('Q5Aa', 'Flappy Bird', '0', '0', 'Q5A');
INSERT INTO "EduardoFinal"."ALTERNATIVAS" (ID_UNICO_A, DESCRIPCION_A, VALOR_A, PESO_A, PREGUNTAS_ID_UNICO_P) VALUES ('Q5Ab', 'Instagram', '1', '0.5', 'Q5A');
INSERT INTO "EduardoFinal"."ALTERNATIVAS" (ID_UNICO_A, DESCRIPCION_A, VALOR_A, PESO_A, PREGUNTAS_ID_UNICO_P) VALUES ('Q5Ac', 'Imovie', '0', '0', 'Q5A');
INSERT INTO "EduardoFinal"."ALTERNATIVAS" (ID_UNICO_A, DESCRIPCION_A, VALOR_A, PESO_A, PREGUNTAS_ID_UNICO_P) VALUES ('Q5Ad', 'Dynamix', '1', '0.5', 'Q5A');




INSERT INTO "EduardoFinal"."RESPUESTAPIVOTE" (PIVOTEID, ESTUDIANTES_NOMBRE_E, PREGUNTAS_ID_UNICO_P, OP1, OP2, OP3, OP4) VALUES ('1', 'Ramon', 'Q1J', '1', '0', '0', '1');
INSERT INTO "EduardoFinal"."RESPUESTAPIVOTE" (PIVOTEID, ESTUDIANTES_NOMBRE_E, PREGUNTAS_ID_UNICO_P, OP1, OP2, OP3, OP4) VALUES ('2', 'Ramon', 'Q1J', '1', '0', '1', '0');
INSERT INTO "EduardoFinal"."RESPUESTAPIVOTE" (PIVOTEID, ESTUDIANTES_NOMBRE_E, PREGUNTAS_ID_UNICO_P, OP1, OP2, OP3, OP4) VALUES ('3', 'Ramon', 'Q1J', '0', '1', '1', '1');
INSERT INTO "EduardoFinal"."RESPUESTAPIVOTE" (PIVOTEID, ESTUDIANTES_NOMBRE_E, PREGUNTAS_ID_UNICO_P, OP1, OP2, OP3, OP4) VALUES ('4', 'Ramon', 'Q1J', '1', '0', '0', '1');
INSERT INTO "EduardoFinal"."RESPUESTAPIVOTE" (PIVOTEID, ESTUDIANTES_NOMBRE_E, PREGUNTAS_ID_UNICO_P, OP1, OP2, OP3, OP4) VALUES ('5', 'Ramon', 'Q2J', '1', '1', '0', '1');
INSERT INTO "EduardoFinal"."RESPUESTAPIVOTE" (PIVOTEID, ESTUDIANTES_NOMBRE_E, PREGUNTAS_ID_UNICO_P, OP1, OP2, OP3, OP4) VALUES ('6', 'Ramon', 'Q2J', '1', '0', '0', '1');
INSERT INTO "EduardoFinal"."RESPUESTAPIVOTE" (PIVOTEID, ESTUDIANTES_NOMBRE_E, PREGUNTAS_ID_UNICO_P, OP1, OP2, OP3, OP4) VALUES ('7', 'Ramon', 'Q2J', '1', '0', '0', '1');
INSERT INTO "EduardoFinal"."RESPUESTAPIVOTE" (PIVOTEID, ESTUDIANTES_NOMBRE_E, PREGUNTAS_ID_UNICO_P, OP1, OP2, OP3, OP4) VALUES ('8', 'Ramon', 'Q2J', '1', '0', '0', '1');
INSERT INTO "EduardoFinal"."RESPUESTAPIVOTE" (PIVOTEID, ESTUDIANTES_NOMBRE_E, PREGUNTAS_ID_UNICO_P, OP1, OP2, OP3, OP4) VALUES ('9', 'Ramon', 'Q3J', '1', '0', '0', '1');
INSERT INTO "EduardoFinal"."RESPUESTAPIVOTE" (PIVOTEID, ESTUDIANTES_NOMBRE_E, PREGUNTAS_ID_UNICO_P, OP1, OP2, OP3, OP4) VALUES ('10', 'Ramon', 'Q3J', '1', '0', '0', '1');
INSERT INTO "EduardoFinal"."RESPUESTAPIVOTE" (PIVOTEID, ESTUDIANTES_NOMBRE_E, PREGUNTAS_ID_UNICO_P, OP1, OP2, OP3, OP4) VALUES ('11', 'Ramon', 'Q3J', '1', '0', '0', '1');
INSERT INTO "EduardoFinal"."RESPUESTAPIVOTE" (PIVOTEID, ESTUDIANTES_NOMBRE_E, PREGUNTAS_ID_UNICO_P, OP1, OP2, OP3, OP4) VALUES ('12', 'Ramon', 'Q3J', '1', '0', '0', '1');
INSERT INTO "EduardoFinal"."RESPUESTAPIVOTE" (PIVOTEID, ESTUDIANTES_NOMBRE_E, PREGUNTAS_ID_UNICO_P, OP1, OP2, OP3, OP4) VALUES ('13', 'Ramon', 'Q4J', '1', '0', '0', '1');
INSERT INTO "EduardoFinal"."RESPUESTAPIVOTE" (PIVOTEID, ESTUDIANTES_NOMBRE_E, PREGUNTAS_ID_UNICO_P, OP1, OP2, OP3, OP4) VALUES ('14', 'Ramon', 'Q4J', '1', '0', '0', '1');
INSERT INTO "EduardoFinal"."RESPUESTAPIVOTE" (PIVOTEID, ESTUDIANTES_NOMBRE_E, PREGUNTAS_ID_UNICO_P, OP1, OP2, OP3, OP4) VALUES ('15', 'Ramon', 'Q4J', '1', '0', '0', '1');
INSERT INTO "EduardoFinal"."RESPUESTAPIVOTE" (PIVOTEID, ESTUDIANTES_NOMBRE_E, PREGUNTAS_ID_UNICO_P, OP1, OP2, OP3, OP4) VALUES ('16', 'Ramon', 'Q4J', '1', '0', '0', '1');
INSERT INTO "EduardoFinal"."RESPUESTAPIVOTE" (PIVOTEID, ESTUDIANTES_NOMBRE_E, PREGUNTAS_ID_UNICO_P, OP1, OP2, OP3, OP4) VALUES ('17', 'Ramon', 'Q5J', '1', '0', '0', '1');
INSERT INTO "EduardoFinal"."RESPUESTAPIVOTE" (PIVOTEID, ESTUDIANTES_NOMBRE_E, PREGUNTAS_ID_UNICO_P, OP1, OP2, OP3, OP4) VALUES ('18', 'Ramon', 'Q5J', '1', '0', '0', '1');
INSERT INTO "EduardoFinal"."RESPUESTAPIVOTE" (PIVOTEID, ESTUDIANTES_NOMBRE_E, PREGUNTAS_ID_UNICO_P, OP1, OP2, OP3, OP4) VALUES ('19', 'Ramon', 'Q5J', '1', '0', '0', '1');
INSERT INTO "EduardoFinal"."RESPUESTAPIVOTE" (PIVOTEID, ESTUDIANTES_NOMBRE_E, PREGUNTAS_ID_UNICO_P, OP1, OP2, OP3, OP4) VALUES ('20', 'Ramon', 'Q5J', '1', '0', '0', '1');

INSERT INTO "EduardoFinal"."RESPUESTAPIVOTE" (PIVOTEID, ESTUDIANTES_NOMBRE_E, PREGUNTAS_ID_UNICO_P, OP1, OP2, OP3, OP4) VALUES ('21', 'Jose', 'Q1J', '1', '0', '0', '1');
INSERT INTO "EduardoFinal"."RESPUESTAPIVOTE" (PIVOTEID, ESTUDIANTES_NOMBRE_E, PREGUNTAS_ID_UNICO_P, OP1, OP2, OP3, OP4) VALUES ('22', 'Jose', 'Q1J', '1', '0', '1', '0');
INSERT INTO "EduardoFinal"."RESPUESTAPIVOTE" (PIVOTEID, ESTUDIANTES_NOMBRE_E, PREGUNTAS_ID_UNICO_P, OP1, OP2, OP3, OP4) VALUES ('23', 'Jose', 'Q1J', '0', '1', '1', '1');
INSERT INTO "EduardoFinal"."RESPUESTAPIVOTE" (PIVOTEID, ESTUDIANTES_NOMBRE_E, PREGUNTAS_ID_UNICO_P, OP1, OP2, OP3, OP4) VALUES ('24', 'Jose', 'Q1J', '1', '0', '0', '1');
INSERT INTO "EduardoFinal"."RESPUESTAPIVOTE" (PIVOTEID, ESTUDIANTES_NOMBRE_E, PREGUNTAS_ID_UNICO_P, OP1, OP2, OP3, OP4) VALUES ('25', 'Jose', 'Q2J', '1', '1', '0', '1');
INSERT INTO "EduardoFinal"."RESPUESTAPIVOTE" (PIVOTEID, ESTUDIANTES_NOMBRE_E, PREGUNTAS_ID_UNICO_P, OP1, OP2, OP3, OP4) VALUES ('26', 'Jose', 'Q2J', '1', '0', '0', '1');
INSERT INTO "EduardoFinal"."RESPUESTAPIVOTE" (PIVOTEID, ESTUDIANTES_NOMBRE_E, PREGUNTAS_ID_UNICO_P, OP1, OP2, OP3, OP4) VALUES ('27', 'Jose', 'Q2J', '1', '0', '0', '1');
INSERT INTO "EduardoFinal"."RESPUESTAPIVOTE" (PIVOTEID, ESTUDIANTES_NOMBRE_E, PREGUNTAS_ID_UNICO_P, OP1, OP2, OP3, OP4) VALUES ('28', 'Jose', 'Q2J', '1', '0', '0', '1');
INSERT INTO "EduardoFinal"."RESPUESTAPIVOTE" (PIVOTEID, ESTUDIANTES_NOMBRE_E, PREGUNTAS_ID_UNICO_P, OP1, OP2, OP3, OP4) VALUES ('29', 'Jose', 'Q3J', '1', '0', '0', '1');
INSERT INTO "EduardoFinal"."RESPUESTAPIVOTE" (PIVOTEID, ESTUDIANTES_NOMBRE_E, PREGUNTAS_ID_UNICO_P, OP1, OP2, OP3, OP4) VALUES ('30', 'Jose', 'Q3J', '1', '0', '0', '1');
INSERT INTO "EduardoFinal"."RESPUESTAPIVOTE" (PIVOTEID, ESTUDIANTES_NOMBRE_E, PREGUNTAS_ID_UNICO_P, OP1, OP2, OP3, OP4) VALUES ('31', 'Jose', 'Q3J', '1', '0', '0', '1');
INSERT INTO "EduardoFinal"."RESPUESTAPIVOTE" (PIVOTEID, ESTUDIANTES_NOMBRE_E, PREGUNTAS_ID_UNICO_P, OP1, OP2, OP3, OP4) VALUES ('32', 'Jose', 'Q3J', '1', '0', '0', '1');
INSERT INTO "EduardoFinal"."RESPUESTAPIVOTE" (PIVOTEID, ESTUDIANTES_NOMBRE_E, PREGUNTAS_ID_UNICO_P, OP1, OP2, OP3, OP4) VALUES ('33', 'Jose', 'Q4J', '1', '0', '0', '1');
INSERT INTO "EduardoFinal"."RESPUESTAPIVOTE" (PIVOTEID, ESTUDIANTES_NOMBRE_E, PREGUNTAS_ID_UNICO_P, OP1, OP2, OP3, OP4) VALUES ('34', 'Jose', 'Q4J', '1', '0', '0', '1');
INSERT INTO "EduardoFinal"."RESPUESTAPIVOTE" (PIVOTEID, ESTUDIANTES_NOMBRE_E, PREGUNTAS_ID_UNICO_P, OP1, OP2, OP3, OP4) VALUES ('35', 'Jose', 'Q4J', '1', '0', '0', '1');
INSERT INTO "EduardoFinal"."RESPUESTAPIVOTE" (PIVOTEID, ESTUDIANTES_NOMBRE_E, PREGUNTAS_ID_UNICO_P, OP1, OP2, OP3, OP4) VALUES ('36', 'Jose', 'Q4J', '1', '0', '0', '1');
INSERT INTO "EduardoFinal"."RESPUESTAPIVOTE" (PIVOTEID, ESTUDIANTES_NOMBRE_E, PREGUNTAS_ID_UNICO_P, OP1, OP2, OP3, OP4) VALUES ('37', 'Jose', 'Q5J', '1', '0', '0', '1');
INSERT INTO "EduardoFinal"."RESPUESTAPIVOTE" (PIVOTEID, ESTUDIANTES_NOMBRE_E, PREGUNTAS_ID_UNICO_P, OP1, OP2, OP3, OP4) VALUES ('38', 'Jose', 'Q5J', '1', '0', '0', '1');
INSERT INTO "EduardoFinal"."RESPUESTAPIVOTE" (PIVOTEID, ESTUDIANTES_NOMBRE_E, PREGUNTAS_ID_UNICO_P, OP1, OP2, OP3, OP4) VALUES ('39', 'Jose', 'Q5J', '1', '0', '0', '1');
INSERT INTO "EduardoFinal"."RESPUESTAPIVOTE" (PIVOTEID, ESTUDIANTES_NOMBRE_E, PREGUNTAS_ID_UNICO_P, OP1, OP2, OP3, OP4) VALUES ('40', 'Jose', 'Q5J', '1', '0', '0', '1');

INSERT INTO "EduardoFinal"."RESPUESTAPIVOTE" (PIVOTEID, ESTUDIANTES_NOMBRE_E, PREGUNTAS_ID_UNICO_P, OP1, OP2, OP3, OP4) VALUES ('41', 'Sofia', 'Q1J', '1', '0', '0', '1');
INSERT INTO "EduardoFinal"."RESPUESTAPIVOTE" (PIVOTEID, ESTUDIANTES_NOMBRE_E, PREGUNTAS_ID_UNICO_P, OP1, OP2, OP3, OP4) VALUES ('42', 'Sofia', 'Q1J', '1', '0', '1', '0');
INSERT INTO "EduardoFinal"."RESPUESTAPIVOTE" (PIVOTEID, ESTUDIANTES_NOMBRE_E, PREGUNTAS_ID_UNICO_P, OP1, OP2, OP3, OP4) VALUES ('43', 'Sofia', 'Q1J', '0', '1', '1', '1');
INSERT INTO "EduardoFinal"."RESPUESTAPIVOTE" (PIVOTEID, ESTUDIANTES_NOMBRE_E, PREGUNTAS_ID_UNICO_P, OP1, OP2, OP3, OP4) VALUES ('44', 'Sofia', 'Q1J', '1', '0', '0', '1');
INSERT INTO "EduardoFinal"."RESPUESTAPIVOTE" (PIVOTEID, ESTUDIANTES_NOMBRE_E, PREGUNTAS_ID_UNICO_P, OP1, OP2, OP3, OP4) VALUES ('45', 'Sofia', 'Q2J', '1', '1', '0', '1');
INSERT INTO "EduardoFinal"."RESPUESTAPIVOTE" (PIVOTEID, ESTUDIANTES_NOMBRE_E, PREGUNTAS_ID_UNICO_P, OP1, OP2, OP3, OP4) VALUES ('46', 'Sofia', 'Q2J', '1', '0', '0', '1');
INSERT INTO "EduardoFinal"."RESPUESTAPIVOTE" (PIVOTEID, ESTUDIANTES_NOMBRE_E, PREGUNTAS_ID_UNICO_P, OP1, OP2, OP3, OP4) VALUES ('47', 'Sofia', 'Q2J', '1', '0', '0', '1');
INSERT INTO "EduardoFinal"."RESPUESTAPIVOTE" (PIVOTEID, ESTUDIANTES_NOMBRE_E, PREGUNTAS_ID_UNICO_P, OP1, OP2, OP3, OP4) VALUES ('48', 'Sofia', 'Q2J', '1', '0', '0', '1');
INSERT INTO "EduardoFinal"."RESPUESTAPIVOTE" (PIVOTEID, ESTUDIANTES_NOMBRE_E, PREGUNTAS_ID_UNICO_P, OP1, OP2, OP3, OP4) VALUES ('49', 'Sofia', 'Q3J', '1', '0', '0', '1');
INSERT INTO "EduardoFinal"."RESPUESTAPIVOTE" (PIVOTEID, ESTUDIANTES_NOMBRE_E, PREGUNTAS_ID_UNICO_P, OP1, OP2, OP3, OP4) VALUES ('50', 'Sofia', 'Q3J', '1', '0', '0', '1');
INSERT INTO "EduardoFinal"."RESPUESTAPIVOTE" (PIVOTEID, ESTUDIANTES_NOMBRE_E, PREGUNTAS_ID_UNICO_P, OP1, OP2, OP3, OP4) VALUES ('51', 'Sofia', 'Q3J', '1', '0', '0', '1');
INSERT INTO "EduardoFinal"."RESPUESTAPIVOTE" (PIVOTEID, ESTUDIANTES_NOMBRE_E, PREGUNTAS_ID_UNICO_P, OP1, OP2, OP3, OP4) VALUES ('52', 'Sofia', 'Q3J', '1', '0', '0', '1');
INSERT INTO "EduardoFinal"."RESPUESTAPIVOTE" (PIVOTEID, ESTUDIANTES_NOMBRE_E, PREGUNTAS_ID_UNICO_P, OP1, OP2, OP3, OP4) VALUES ('53', 'Sofia', 'Q4J', '1', '0', '0', '1');
INSERT INTO "EduardoFinal"."RESPUESTAPIVOTE" (PIVOTEID, ESTUDIANTES_NOMBRE_E, PREGUNTAS_ID_UNICO_P, OP1, OP2, OP3, OP4) VALUES ('54', 'Sofia', 'Q4J', '1', '0', '0', '1');
INSERT INTO "EduardoFinal"."RESPUESTAPIVOTE" (PIVOTEID, ESTUDIANTES_NOMBRE_E, PREGUNTAS_ID_UNICO_P, OP1, OP2, OP3, OP4) VALUES ('55', 'Sofia', 'Q4J', '1', '0', '0', '1');
INSERT INTO "EduardoFinal"."RESPUESTAPIVOTE" (PIVOTEID, ESTUDIANTES_NOMBRE_E, PREGUNTAS_ID_UNICO_P, OP1, OP2, OP3, OP4) VALUES ('56', 'Sofia', 'Q4J', '1', '0', '0', '1');
INSERT INTO "EduardoFinal"."RESPUESTAPIVOTE" (PIVOTEID, ESTUDIANTES_NOMBRE_E, PREGUNTAS_ID_UNICO_P, OP1, OP2, OP3, OP4) VALUES ('57', 'Sofia', 'Q5J', '1', '0', '0', '1');
INSERT INTO "EduardoFinal"."RESPUESTAPIVOTE" (PIVOTEID, ESTUDIANTES_NOMBRE_E, PREGUNTAS_ID_UNICO_P, OP1, OP2, OP3, OP4) VALUES ('58', 'Sofia', 'Q5J', '1', '0', '0', '1');
INSERT INTO "EduardoFinal"."RESPUESTAPIVOTE" (PIVOTEID, ESTUDIANTES_NOMBRE_E, PREGUNTAS_ID_UNICO_P, OP1, OP2, OP3, OP4) VALUES ('59', 'Sofia', 'Q5J', '1', '0', '0', '1');
INSERT INTO "EduardoFinal"."RESPUESTAPIVOTE" (PIVOTEID, ESTUDIANTES_NOMBRE_E, PREGUNTAS_ID_UNICO_P, OP1, OP2, OP3, OP4) VALUES ('60', 'Sofia', 'Q5J', '1', '0', '0', '1');

INSERT INTO "EduardoFinal"."RESPUESTAPIVOTE" (PIVOTEID, ESTUDIANTES_NOMBRE_E, PREGUNTAS_ID_UNICO_P, OP1, OP2, OP3, OP4) VALUES ('61', 'Francisco', 'Q1J', '1', '0', '0', '1');
INSERT INTO "EduardoFinal"."RESPUESTAPIVOTE" (PIVOTEID, ESTUDIANTES_NOMBRE_E, PREGUNTAS_ID_UNICO_P, OP1, OP2, OP3, OP4) VALUES ('62', 'Francisco', 'Q1J', '1', '0', '1', '0');
INSERT INTO "EduardoFinal"."RESPUESTAPIVOTE" (PIVOTEID, ESTUDIANTES_NOMBRE_E, PREGUNTAS_ID_UNICO_P, OP1, OP2, OP3, OP4) VALUES ('63', 'Francisco', 'Q1J', '0', '1', '1', '1');
INSERT INTO "EduardoFinal"."RESPUESTAPIVOTE" (PIVOTEID, ESTUDIANTES_NOMBRE_E, PREGUNTAS_ID_UNICO_P, OP1, OP2, OP3, OP4) VALUES ('64', 'Francisco', 'Q1J', '1', '0', '0', '1');
INSERT INTO "EduardoFinal"."RESPUESTAPIVOTE" (PIVOTEID, ESTUDIANTES_NOMBRE_E, PREGUNTAS_ID_UNICO_P, OP1, OP2, OP3, OP4) VALUES ('65', 'Francisco', 'Q2J', '1', '1', '0', '1');
INSERT INTO "EduardoFinal"."RESPUESTAPIVOTE" (PIVOTEID, ESTUDIANTES_NOMBRE_E, PREGUNTAS_ID_UNICO_P, OP1, OP2, OP3, OP4) VALUES ('66', 'Francisco', 'Q2J', '1', '0', '0', '1');
INSERT INTO "EduardoFinal"."RESPUESTAPIVOTE" (PIVOTEID, ESTUDIANTES_NOMBRE_E, PREGUNTAS_ID_UNICO_P, OP1, OP2, OP3, OP4) VALUES ('67', 'Francisco', 'Q2J', '1', '0', '0', '1');
INSERT INTO "EduardoFinal"."RESPUESTAPIVOTE" (PIVOTEID, ESTUDIANTES_NOMBRE_E, PREGUNTAS_ID_UNICO_P, OP1, OP2, OP3, OP4) VALUES ('68', 'Francisco', 'Q2J', '1', '0', '0', '1');
INSERT INTO "EduardoFinal"."RESPUESTAPIVOTE" (PIVOTEID, ESTUDIANTES_NOMBRE_E, PREGUNTAS_ID_UNICO_P, OP1, OP2, OP3, OP4) VALUES ('69', 'Francisco', 'Q3J', '1', '0', '0', '1');
INSERT INTO "EduardoFinal"."RESPUESTAPIVOTE" (PIVOTEID, ESTUDIANTES_NOMBRE_E, PREGUNTAS_ID_UNICO_P, OP1, OP2, OP3, OP4) VALUES ('70', 'Francisco', 'Q3J', '1', '0', '0', '1');
INSERT INTO "EduardoFinal"."RESPUESTAPIVOTE" (PIVOTEID, ESTUDIANTES_NOMBRE_E, PREGUNTAS_ID_UNICO_P, OP1, OP2, OP3, OP4) VALUES ('71', 'Francisco', 'Q3J', '1', '0', '0', '1');
INSERT INTO "EduardoFinal"."RESPUESTAPIVOTE" (PIVOTEID, ESTUDIANTES_NOMBRE_E, PREGUNTAS_ID_UNICO_P, OP1, OP2, OP3, OP4) VALUES ('72', 'Francisco', 'Q3J', '1', '0', '0', '1');
INSERT INTO "EduardoFinal"."RESPUESTAPIVOTE" (PIVOTEID, ESTUDIANTES_NOMBRE_E, PREGUNTAS_ID_UNICO_P, OP1, OP2, OP3, OP4) VALUES ('73', 'Francisco', 'Q4J', '1', '0', '0', '1');
INSERT INTO "EduardoFinal"."RESPUESTAPIVOTE" (PIVOTEID, ESTUDIANTES_NOMBRE_E, PREGUNTAS_ID_UNICO_P, OP1, OP2, OP3, OP4) VALUES ('74', 'Francisco', 'Q4J', '1', '0', '0', '1');
INSERT INTO "EduardoFinal"."RESPUESTAPIVOTE" (PIVOTEID, ESTUDIANTES_NOMBRE_E, PREGUNTAS_ID_UNICO_P, OP1, OP2, OP3, OP4) VALUES ('75', 'Francisco', 'Q4J', '1', '0', '0', '1');
INSERT INTO "EduardoFinal"."RESPUESTAPIVOTE" (PIVOTEID, ESTUDIANTES_NOMBRE_E, PREGUNTAS_ID_UNICO_P, OP1, OP2, OP3, OP4) VALUES ('76', 'Francisco', 'Q4J', '1', '0', '0', '1');
INSERT INTO "EduardoFinal"."RESPUESTAPIVOTE" (PIVOTEID, ESTUDIANTES_NOMBRE_E, PREGUNTAS_ID_UNICO_P, OP1, OP2, OP3, OP4) VALUES ('77', 'Francisco', 'Q5J', '1', '0', '0', '1');
INSERT INTO "EduardoFinal"."RESPUESTAPIVOTE" (PIVOTEID, ESTUDIANTES_NOMBRE_E, PREGUNTAS_ID_UNICO_P, OP1, OP2, OP3, OP4) VALUES ('78', 'Francisco', 'Q5J', '1', '0', '0', '1');
INSERT INTO "EduardoFinal"."RESPUESTAPIVOTE" (PIVOTEID, ESTUDIANTES_NOMBRE_E, PREGUNTAS_ID_UNICO_P, OP1, OP2, OP3, OP4) VALUES ('79', 'Francisco', 'Q5J', '1', '0', '0', '1');
INSERT INTO "EduardoFinal"."RESPUESTAPIVOTE" (PIVOTEID, ESTUDIANTES_NOMBRE_E, PREGUNTAS_ID_UNICO_P, OP1, OP2, OP3, OP4) VALUES ('80', 'Francisco', 'Q5J', '1', '0', '0', '1');


INSERT INTO "EduardoFinal"."RESPUESTAPIVOTE" (PIVOTEID, ESTUDIANTES_NOMBRE_E, PREGUNTAS_ID_UNICO_P, OP1, OP2, OP3, OP4) VALUES ('81', 'Andres', 'Q1J', '1', '0', '0', '1');
INSERT INTO "EduardoFinal"."RESPUESTAPIVOTE" (PIVOTEID, ESTUDIANTES_NOMBRE_E, PREGUNTAS_ID_UNICO_P, OP1, OP2, OP3, OP4) VALUES ('82', 'Andres', 'Q1J', '1', '0', '1', '0');
INSERT INTO "EduardoFinal"."RESPUESTAPIVOTE" (PIVOTEID, ESTUDIANTES_NOMBRE_E, PREGUNTAS_ID_UNICO_P, OP1, OP2, OP3, OP4) VALUES ('83', 'Andres', 'Q1J', '0', '1', '1', '1');
INSERT INTO "EduardoFinal"."RESPUESTAPIVOTE" (PIVOTEID, ESTUDIANTES_NOMBRE_E, PREGUNTAS_ID_UNICO_P, OP1, OP2, OP3, OP4) VALUES ('84', 'Andres', 'Q1J', '1', '0', '0', '1');
INSERT INTO "EduardoFinal"."RESPUESTAPIVOTE" (PIVOTEID, ESTUDIANTES_NOMBRE_E, PREGUNTAS_ID_UNICO_P, OP1, OP2, OP3, OP4) VALUES ('85', 'Andres', 'Q2J', '1', '1', '0', '1');
INSERT INTO "EduardoFinal"."RESPUESTAPIVOTE" (PIVOTEID, ESTUDIANTES_NOMBRE_E, PREGUNTAS_ID_UNICO_P, OP1, OP2, OP3, OP4) VALUES ('86', 'Andres', 'Q2J', '1', '0', '0', '1');
INSERT INTO "EduardoFinal"."RESPUESTAPIVOTE" (PIVOTEID, ESTUDIANTES_NOMBRE_E, PREGUNTAS_ID_UNICO_P, OP1, OP2, OP3, OP4) VALUES ('87', 'Andres', 'Q2J', '1', '0', '0', '1');
INSERT INTO "EduardoFinal"."RESPUESTAPIVOTE" (PIVOTEID, ESTUDIANTES_NOMBRE_E, PREGUNTAS_ID_UNICO_P, OP1, OP2, OP3, OP4) VALUES ('88', 'Andres', 'Q2J', '1', '0', '0', '1');
INSERT INTO "EduardoFinal"."RESPUESTAPIVOTE" (PIVOTEID, ESTUDIANTES_NOMBRE_E, PREGUNTAS_ID_UNICO_P, OP1, OP2, OP3, OP4) VALUES ('89', 'Andres', 'Q3J', '1', '0', '0', '1');
INSERT INTO "EduardoFinal"."RESPUESTAPIVOTE" (PIVOTEID, ESTUDIANTES_NOMBRE_E, PREGUNTAS_ID_UNICO_P, OP1, OP2, OP3, OP4) VALUES ('90', 'Andres', 'Q3J', '1', '0', '0', '1');
INSERT INTO "EduardoFinal"."RESPUESTAPIVOTE" (PIVOTEID, ESTUDIANTES_NOMBRE_E, PREGUNTAS_ID_UNICO_P, OP1, OP2, OP3, OP4) VALUES ('91', 'Andres', 'Q3J', '1', '0', '0', '1');
INSERT INTO "EduardoFinal"."RESPUESTAPIVOTE" (PIVOTEID, ESTUDIANTES_NOMBRE_E, PREGUNTAS_ID_UNICO_P, OP1, OP2, OP3, OP4) VALUES ('92', 'Andres', 'Q3J', '1', '0', '0', '1');
INSERT INTO "EduardoFinal"."RESPUESTAPIVOTE" (PIVOTEID, ESTUDIANTES_NOMBRE_E, PREGUNTAS_ID_UNICO_P, OP1, OP2, OP3, OP4) VALUES ('93', 'Andres', 'Q4J', '1', '0', '0', '1');
INSERT INTO "EduardoFinal"."RESPUESTAPIVOTE" (PIVOTEID, ESTUDIANTES_NOMBRE_E, PREGUNTAS_ID_UNICO_P, OP1, OP2, OP3, OP4) VALUES ('94', 'Andres', 'Q4J', '1', '0', '0', '1');
INSERT INTO "EduardoFinal"."RESPUESTAPIVOTE" (PIVOTEID, ESTUDIANTES_NOMBRE_E, PREGUNTAS_ID_UNICO_P, OP1, OP2, OP3, OP4) VALUES ('95', 'Andres', 'Q4J', '1', '0', '0', '1');
INSERT INTO "EduardoFinal"."RESPUESTAPIVOTE" (PIVOTEID, ESTUDIANTES_NOMBRE_E, PREGUNTAS_ID_UNICO_P, OP1, OP2, OP3, OP4) VALUES ('96', 'Andres', 'Q4J', '1', '0', '0', '1');
INSERT INTO "EduardoFinal"."RESPUESTAPIVOTE" (PIVOTEID, ESTUDIANTES_NOMBRE_E, PREGUNTAS_ID_UNICO_P, OP1, OP2, OP3, OP4) VALUES ('97', 'Andres', 'Q5J', '1', '0', '0', '1');
INSERT INTO "EduardoFinal"."RESPUESTAPIVOTE" (PIVOTEID, ESTUDIANTES_NOMBRE_E, PREGUNTAS_ID_UNICO_P, OP1, OP2, OP3, OP4) VALUES ('98', 'Andres', 'Q5J', '1', '0', '0', '1');
INSERT INTO "EduardoFinal"."RESPUESTAPIVOTE" (PIVOTEID, ESTUDIANTES_NOMBRE_E, PREGUNTAS_ID_UNICO_P, OP1, OP2, OP3, OP4) VALUES ('99', 'Andres', 'Q5J', '1', '0', '0', '1');
INSERT INTO "EduardoFinal"."RESPUESTAPIVOTE" (PIVOTEID, ESTUDIANTES_NOMBRE_E, PREGUNTAS_ID_UNICO_P, OP1, OP2, OP3, OP4) VALUES ('100', 'Andres', 'Q5J', '1', '0', '0', '1');

INSERT INTO "EduardoFinal"."RESPUESTAPIVOTE" (PIVOTEID, ESTUDIANTES_NOMBRE_E, PREGUNTAS_ID_UNICO_P, OP1, OP2, OP3, OP4) VALUES ('101', 'Camila', 'Q1J', '1', '0', '0', '1');
INSERT INTO "EduardoFinal"."RESPUESTAPIVOTE" (PIVOTEID, ESTUDIANTES_NOMBRE_E, PREGUNTAS_ID_UNICO_P, OP1, OP2, OP3, OP4) VALUES ('102', 'Camila', 'Q1J', '1', '0', '1', '0');
INSERT INTO "EduardoFinal"."RESPUESTAPIVOTE" (PIVOTEID, ESTUDIANTES_NOMBRE_E, PREGUNTAS_ID_UNICO_P, OP1, OP2, OP3, OP4) VALUES ('103', 'Camila', 'Q1J', '0', '1', '1', '1');
INSERT INTO "EduardoFinal"."RESPUESTAPIVOTE" (PIVOTEID, ESTUDIANTES_NOMBRE_E, PREGUNTAS_ID_UNICO_P, OP1, OP2, OP3, OP4) VALUES ('104', 'Camila', 'Q1J', '1', '0', '0', '1');
INSERT INTO "EduardoFinal"."RESPUESTAPIVOTE" (PIVOTEID, ESTUDIANTES_NOMBRE_E, PREGUNTAS_ID_UNICO_P, OP1, OP2, OP3, OP4) VALUES ('105', 'Camila', 'Q2J', '1', '1', '0', '1');
INSERT INTO "EduardoFinal"."RESPUESTAPIVOTE" (PIVOTEID, ESTUDIANTES_NOMBRE_E, PREGUNTAS_ID_UNICO_P, OP1, OP2, OP3, OP4) VALUES ('106', 'Camila', 'Q2J', '1', '0', '0', '1');
INSERT INTO "EduardoFinal"."RESPUESTAPIVOTE" (PIVOTEID, ESTUDIANTES_NOMBRE_E, PREGUNTAS_ID_UNICO_P, OP1, OP2, OP3, OP4) VALUES ('107', 'Camila', 'Q2J', '1', '0', '0', '1');
INSERT INTO "EduardoFinal"."RESPUESTAPIVOTE" (PIVOTEID, ESTUDIANTES_NOMBRE_E, PREGUNTAS_ID_UNICO_P, OP1, OP2, OP3, OP4) VALUES ('108', 'Camila', 'Q2J', '1', '0', '0', '1');
INSERT INTO "EduardoFinal"."RESPUESTAPIVOTE" (PIVOTEID, ESTUDIANTES_NOMBRE_E, PREGUNTAS_ID_UNICO_P, OP1, OP2, OP3, OP4) VALUES ('109', 'Camila', 'Q3J', '1', '0', '0', '1');
INSERT INTO "EduardoFinal"."RESPUESTAPIVOTE" (PIVOTEID, ESTUDIANTES_NOMBRE_E, PREGUNTAS_ID_UNICO_P, OP1, OP2, OP3, OP4) VALUES ('110', 'Camila', 'Q3J', '1', '0', '0', '1');
INSERT INTO "EduardoFinal"."RESPUESTAPIVOTE" (PIVOTEID, ESTUDIANTES_NOMBRE_E, PREGUNTAS_ID_UNICO_P, OP1, OP2, OP3, OP4) VALUES ('111', 'Camila', 'Q3J', '1', '0', '0', '1');
INSERT INTO "EduardoFinal"."RESPUESTAPIVOTE" (PIVOTEID, ESTUDIANTES_NOMBRE_E, PREGUNTAS_ID_UNICO_P, OP1, OP2, OP3, OP4) VALUES ('112', 'Camila', 'Q3J', '1', '0', '0', '1');
INSERT INTO "EduardoFinal"."RESPUESTAPIVOTE" (PIVOTEID, ESTUDIANTES_NOMBRE_E, PREGUNTAS_ID_UNICO_P, OP1, OP2, OP3, OP4) VALUES ('113', 'Camila', 'Q4J', '1', '0', '0', '1');
INSERT INTO "EduardoFinal"."RESPUESTAPIVOTE" (PIVOTEID, ESTUDIANTES_NOMBRE_E, PREGUNTAS_ID_UNICO_P, OP1, OP2, OP3, OP4) VALUES ('114', 'Camila', 'Q4J', '1', '0', '0', '1');
INSERT INTO "EduardoFinal"."RESPUESTAPIVOTE" (PIVOTEID, ESTUDIANTES_NOMBRE_E, PREGUNTAS_ID_UNICO_P, OP1, OP2, OP3, OP4) VALUES ('115', 'Camila', 'Q4J', '1', '0', '0', '1');
INSERT INTO "EduardoFinal"."RESPUESTAPIVOTE" (PIVOTEID, ESTUDIANTES_NOMBRE_E, PREGUNTAS_ID_UNICO_P, OP1, OP2, OP3, OP4) VALUES ('116', 'Camila', 'Q4J', '1', '0', '0', '1');
INSERT INTO "EduardoFinal"."RESPUESTAPIVOTE" (PIVOTEID, ESTUDIANTES_NOMBRE_E, PREGUNTAS_ID_UNICO_P, OP1, OP2, OP3, OP4) VALUES ('117', 'Camila', 'Q5J', '1', '0', '0', '1');
INSERT INTO "EduardoFinal"."RESPUESTAPIVOTE" (PIVOTEID, ESTUDIANTES_NOMBRE_E, PREGUNTAS_ID_UNICO_P, OP1, OP2, OP3, OP4) VALUES ('118', 'Camila', 'Q5J', '1', '0', '0', '1');
INSERT INTO "EduardoFinal"."RESPUESTAPIVOTE" (PIVOTEID, ESTUDIANTES_NOMBRE_E, PREGUNTAS_ID_UNICO_P, OP1, OP2, OP3, OP4) VALUES ('119', 'Camila', 'Q5J', '1', '0', '0', '1');
INSERT INTO "EduardoFinal"."RESPUESTAPIVOTE" (PIVOTEID, ESTUDIANTES_NOMBRE_E, PREGUNTAS_ID_UNICO_P, OP1, OP2, OP3, OP4) VALUES ('120', 'Camila', 'Q5J', '1', '0', '0', '1');

INSERT INTO "EduardoFinal"."RESPUESTAPIVOTE" (PIVOTEID, ESTUDIANTES_NOMBRE_E, PREGUNTAS_ID_UNICO_P, OP1, OP2, OP3, OP4) VALUES ('121', 'Luis', 'Q1J', '1', '0', '0', '1');
INSERT INTO "EduardoFinal"."RESPUESTAPIVOTE" (PIVOTEID, ESTUDIANTES_NOMBRE_E, PREGUNTAS_ID_UNICO_P, OP1, OP2, OP3, OP4) VALUES ('122', 'Luis', 'Q1J', '1', '0', '1', '0');
INSERT INTO "EduardoFinal"."RESPUESTAPIVOTE" (PIVOTEID, ESTUDIANTES_NOMBRE_E, PREGUNTAS_ID_UNICO_P, OP1, OP2, OP3, OP4) VALUES ('123', 'Luis', 'Q1J', '0', '1', '1', '1');
INSERT INTO "EduardoFinal"."RESPUESTAPIVOTE" (PIVOTEID, ESTUDIANTES_NOMBRE_E, PREGUNTAS_ID_UNICO_P, OP1, OP2, OP3, OP4) VALUES ('124', 'Luis', 'Q1J', '1', '0', '0', '1');
INSERT INTO "EduardoFinal"."RESPUESTAPIVOTE" (PIVOTEID, ESTUDIANTES_NOMBRE_E, PREGUNTAS_ID_UNICO_P, OP1, OP2, OP3, OP4) VALUES ('125', 'Luis', 'Q2J', '1', '1', '0', '1');
INSERT INTO "EduardoFinal"."RESPUESTAPIVOTE" (PIVOTEID, ESTUDIANTES_NOMBRE_E, PREGUNTAS_ID_UNICO_P, OP1, OP2, OP3, OP4) VALUES ('126', 'Luis', 'Q2J', '1', '0', '0', '1');
INSERT INTO "EduardoFinal"."RESPUESTAPIVOTE" (PIVOTEID, ESTUDIANTES_NOMBRE_E, PREGUNTAS_ID_UNICO_P, OP1, OP2, OP3, OP4) VALUES ('127', 'Luis', 'Q2J', '1', '0', '0', '1');
INSERT INTO "EduardoFinal"."RESPUESTAPIVOTE" (PIVOTEID, ESTUDIANTES_NOMBRE_E, PREGUNTAS_ID_UNICO_P, OP1, OP2, OP3, OP4) VALUES ('128', 'Luis', 'Q2J', '1', '0', '0', '1');
INSERT INTO "EduardoFinal"."RESPUESTAPIVOTE" (PIVOTEID, ESTUDIANTES_NOMBRE_E, PREGUNTAS_ID_UNICO_P, OP1, OP2, OP3, OP4) VALUES ('129', 'Luis', 'Q3J', '1', '0', '0', '1');
INSERT INTO "EduardoFinal"."RESPUESTAPIVOTE" (PIVOTEID, ESTUDIANTES_NOMBRE_E, PREGUNTAS_ID_UNICO_P, OP1, OP2, OP3, OP4) VALUES ('130', 'Luis', 'Q3J', '1', '0', '0', '1');
INSERT INTO "EduardoFinal"."RESPUESTAPIVOTE" (PIVOTEID, ESTUDIANTES_NOMBRE_E, PREGUNTAS_ID_UNICO_P, OP1, OP2, OP3, OP4) VALUES ('131', 'Luis', 'Q3J', '1', '0', '0', '1');
INSERT INTO "EduardoFinal"."RESPUESTAPIVOTE" (PIVOTEID, ESTUDIANTES_NOMBRE_E, PREGUNTAS_ID_UNICO_P, OP1, OP2, OP3, OP4) VALUES ('132', 'Luis', 'Q3J', '1', '0', '0', '1');
INSERT INTO "EduardoFinal"."RESPUESTAPIVOTE" (PIVOTEID, ESTUDIANTES_NOMBRE_E, PREGUNTAS_ID_UNICO_P, OP1, OP2, OP3, OP4) VALUES ('133', 'Luis', 'Q4J', '1', '0', '0', '1');
INSERT INTO "EduardoFinal"."RESPUESTAPIVOTE" (PIVOTEID, ESTUDIANTES_NOMBRE_E, PREGUNTAS_ID_UNICO_P, OP1, OP2, OP3, OP4) VALUES ('134', 'Luis', 'Q4J', '1', '0', '0', '1');
INSERT INTO "EduardoFinal"."RESPUESTAPIVOTE" (PIVOTEID, ESTUDIANTES_NOMBRE_E, PREGUNTAS_ID_UNICO_P, OP1, OP2, OP3, OP4) VALUES ('135', 'Luis', 'Q4J', '1', '0', '0', '1');
INSERT INTO "EduardoFinal"."RESPUESTAPIVOTE" (PIVOTEID, ESTUDIANTES_NOMBRE_E, PREGUNTAS_ID_UNICO_P, OP1, OP2, OP3, OP4) VALUES ('136', 'Luis', 'Q4J', '1', '0', '0', '1');
INSERT INTO "EduardoFinal"."RESPUESTAPIVOTE" (PIVOTEID, ESTUDIANTES_NOMBRE_E, PREGUNTAS_ID_UNICO_P, OP1, OP2, OP3, OP4) VALUES ('137', 'Luis', 'Q5J', '1', '0', '0', '1');
INSERT INTO "EduardoFinal"."RESPUESTAPIVOTE" (PIVOTEID, ESTUDIANTES_NOMBRE_E, PREGUNTAS_ID_UNICO_P, OP1, OP2, OP3, OP4) VALUES ('138', 'Luis', 'Q5J', '1', '0', '0', '1');
INSERT INTO "EduardoFinal"."RESPUESTAPIVOTE" (PIVOTEID, ESTUDIANTES_NOMBRE_E, PREGUNTAS_ID_UNICO_P, OP1, OP2, OP3, OP4) VALUES ('139', 'Luis', 'Q5J', '1', '0', '0', '1');
INSERT INTO "EduardoFinal"."RESPUESTAPIVOTE" (PIVOTEID, ESTUDIANTES_NOMBRE_E, PREGUNTAS_ID_UNICO_P, OP1, OP2, OP3, OP4) VALUES ('140', 'Luis', 'Q5J', '1', '0', '0', '1');

INSERT INTO "EduardoFinal"."RESPUESTAPIVOTE" (PIVOTEID, ESTUDIANTES_NOMBRE_E, PREGUNTAS_ID_UNICO_P, OP1, OP2, OP3, OP4) VALUES ('141', 'Mario', 'Q1J', '1', '0', '0', '1');
INSERT INTO "EduardoFinal"."RESPUESTAPIVOTE" (PIVOTEID, ESTUDIANTES_NOMBRE_E, PREGUNTAS_ID_UNICO_P, OP1, OP2, OP3, OP4) VALUES ('142', 'Mario', 'Q1J', '1', '0', '1', '0');
INSERT INTO "EduardoFinal"."RESPUESTAPIVOTE" (PIVOTEID, ESTUDIANTES_NOMBRE_E, PREGUNTAS_ID_UNICO_P, OP1, OP2, OP3, OP4) VALUES ('143', 'Mario', 'Q1J', '0', '1', '1', '1');
INSERT INTO "EduardoFinal"."RESPUESTAPIVOTE" (PIVOTEID, ESTUDIANTES_NOMBRE_E, PREGUNTAS_ID_UNICO_P, OP1, OP2, OP3, OP4) VALUES ('144', 'Mario', 'Q1J', '1', '0', '0', '1');
INSERT INTO "EduardoFinal"."RESPUESTAPIVOTE" (PIVOTEID, ESTUDIANTES_NOMBRE_E, PREGUNTAS_ID_UNICO_P, OP1, OP2, OP3, OP4) VALUES ('145', 'Mario', 'Q2J', '1', '1', '0', '1');
INSERT INTO "EduardoFinal"."RESPUESTAPIVOTE" (PIVOTEID, ESTUDIANTES_NOMBRE_E, PREGUNTAS_ID_UNICO_P, OP1, OP2, OP3, OP4) VALUES ('146', 'Mario', 'Q2J', '1', '0', '0', '1');
INSERT INTO "EduardoFinal"."RESPUESTAPIVOTE" (PIVOTEID, ESTUDIANTES_NOMBRE_E, PREGUNTAS_ID_UNICO_P, OP1, OP2, OP3, OP4) VALUES ('147', 'Mario', 'Q2J', '1', '0', '0', '1');
INSERT INTO "EduardoFinal"."RESPUESTAPIVOTE" (PIVOTEID, ESTUDIANTES_NOMBRE_E, PREGUNTAS_ID_UNICO_P, OP1, OP2, OP3, OP4) VALUES ('148', 'Mario', 'Q2J', '1', '0', '0', '1');
INSERT INTO "EduardoFinal"."RESPUESTAPIVOTE" (PIVOTEID, ESTUDIANTES_NOMBRE_E, PREGUNTAS_ID_UNICO_P, OP1, OP2, OP3, OP4) VALUES ('149', 'Mario', 'Q3J', '1', '0', '0', '1');
INSERT INTO "EduardoFinal"."RESPUESTAPIVOTE" (PIVOTEID, ESTUDIANTES_NOMBRE_E, PREGUNTAS_ID_UNICO_P, OP1, OP2, OP3, OP4) VALUES ('150', 'Mario', 'Q3J', '1', '0', '0', '1');
INSERT INTO "EduardoFinal"."RESPUESTAPIVOTE" (PIVOTEID, ESTUDIANTES_NOMBRE_E, PREGUNTAS_ID_UNICO_P, OP1, OP2, OP3, OP4) VALUES ('151', 'Mario', 'Q3J', '1', '0', '0', '1');
INSERT INTO "EduardoFinal"."RESPUESTAPIVOTE" (PIVOTEID, ESTUDIANTES_NOMBRE_E, PREGUNTAS_ID_UNICO_P, OP1, OP2, OP3, OP4) VALUES ('152', 'Mario', 'Q3J', '1', '0', '0', '1');
INSERT INTO "EduardoFinal"."RESPUESTAPIVOTE" (PIVOTEID, ESTUDIANTES_NOMBRE_E, PREGUNTAS_ID_UNICO_P, OP1, OP2, OP3, OP4) VALUES ('153', 'Mario', 'Q4J', '1', '0', '0', '1');
INSERT INTO "EduardoFinal"."RESPUESTAPIVOTE" (PIVOTEID, ESTUDIANTES_NOMBRE_E, PREGUNTAS_ID_UNICO_P, OP1, OP2, OP3, OP4) VALUES ('154', 'Mario', 'Q4J', '1', '0', '0', '1');
INSERT INTO "EduardoFinal"."RESPUESTAPIVOTE" (PIVOTEID, ESTUDIANTES_NOMBRE_E, PREGUNTAS_ID_UNICO_P, OP1, OP2, OP3, OP4) VALUES ('155', 'Mario', 'Q4J', '1', '0', '0', '1');
INSERT INTO "EduardoFinal"."RESPUESTAPIVOTE" (PIVOTEID, ESTUDIANTES_NOMBRE_E, PREGUNTAS_ID_UNICO_P, OP1, OP2, OP3, OP4) VALUES ('156', 'Mario', 'Q4J', '1', '0', '0', '1');
INSERT INTO "EduardoFinal"."RESPUESTAPIVOTE" (PIVOTEID, ESTUDIANTES_NOMBRE_E, PREGUNTAS_ID_UNICO_P, OP1, OP2, OP3, OP4) VALUES ('157', 'Mario', 'Q5J', '1', '0', '0', '1');
INSERT INTO "EduardoFinal"."RESPUESTAPIVOTE" (PIVOTEID, ESTUDIANTES_NOMBRE_E, PREGUNTAS_ID_UNICO_P, OP1, OP2, OP3, OP4) VALUES ('158', 'Mario', 'Q5J', '1', '0', '0', '1');
INSERT INTO "EduardoFinal"."RESPUESTAPIVOTE" (PIVOTEID, ESTUDIANTES_NOMBRE_E, PREGUNTAS_ID_UNICO_P, OP1, OP2, OP3, OP4) VALUES ('159', 'Mario', 'Q5J', '1', '0', '0', '1');
INSERT INTO "EduardoFinal"."RESPUESTAPIVOTE" (PIVOTEID, ESTUDIANTES_NOMBRE_E, PREGUNTAS_ID_UNICO_P, OP1, OP2, OP3, OP4) VALUES ('160', 'Mario', 'Q5J', '1', '0', '0', '1');

INSERT INTO "EduardoFinal"."RESPUESTAPIVOTE" (PIVOTEID, ESTUDIANTES_NOMBRE_E, PREGUNTAS_ID_UNICO_P, OP1, OP2, OP3, OP4) VALUES ('161', 'Marcela', 'Q1J', '1', '0', '0', '1');
INSERT INTO "EduardoFinal"."RESPUESTAPIVOTE" (PIVOTEID, ESTUDIANTES_NOMBRE_E, PREGUNTAS_ID_UNICO_P, OP1, OP2, OP3, OP4) VALUES ('162', 'Marcela', 'Q1J', '1', '0', '1', '0');
INSERT INTO "EduardoFinal"."RESPUESTAPIVOTE" (PIVOTEID, ESTUDIANTES_NOMBRE_E, PREGUNTAS_ID_UNICO_P, OP1, OP2, OP3, OP4) VALUES ('163', 'Marcela', 'Q1J', '0', '1', '1', '1');
INSERT INTO "EduardoFinal"."RESPUESTAPIVOTE" (PIVOTEID, ESTUDIANTES_NOMBRE_E, PREGUNTAS_ID_UNICO_P, OP1, OP2, OP3, OP4) VALUES ('164', 'Marcela', 'Q1J', '1', '0', '0', '1');
INSERT INTO "EduardoFinal"."RESPUESTAPIVOTE" (PIVOTEID, ESTUDIANTES_NOMBRE_E, PREGUNTAS_ID_UNICO_P, OP1, OP2, OP3, OP4) VALUES ('165', 'Marcela', 'Q2J', '1', '1', '0', '1');
INSERT INTO "EduardoFinal"."RESPUESTAPIVOTE" (PIVOTEID, ESTUDIANTES_NOMBRE_E, PREGUNTAS_ID_UNICO_P, OP1, OP2, OP3, OP4) VALUES ('166', 'Marcela', 'Q2J', '1', '0', '0', '1');
INSERT INTO "EduardoFinal"."RESPUESTAPIVOTE" (PIVOTEID, ESTUDIANTES_NOMBRE_E, PREGUNTAS_ID_UNICO_P, OP1, OP2, OP3, OP4) VALUES ('167', 'Marcela', 'Q2J', '1', '0', '0', '1');
INSERT INTO "EduardoFinal"."RESPUESTAPIVOTE" (PIVOTEID, ESTUDIANTES_NOMBRE_E, PREGUNTAS_ID_UNICO_P, OP1, OP2, OP3, OP4) VALUES ('168', 'Marcela', 'Q2J', '1', '0', '0', '1');
INSERT INTO "EduardoFinal"."RESPUESTAPIVOTE" (PIVOTEID, ESTUDIANTES_NOMBRE_E, PREGUNTAS_ID_UNICO_P, OP1, OP2, OP3, OP4) VALUES ('169', 'Marcela', 'Q3J', '1', '0', '0', '1');
INSERT INTO "EduardoFinal"."RESPUESTAPIVOTE" (PIVOTEID, ESTUDIANTES_NOMBRE_E, PREGUNTAS_ID_UNICO_P, OP1, OP2, OP3, OP4) VALUES ('170', 'Marcela', 'Q3J', '1', '0', '0', '1');
INSERT INTO "EduardoFinal"."RESPUESTAPIVOTE" (PIVOTEID, ESTUDIANTES_NOMBRE_E, PREGUNTAS_ID_UNICO_P, OP1, OP2, OP3, OP4) VALUES ('171', 'Marcela', 'Q3J', '1', '0', '0', '1');
INSERT INTO "EduardoFinal"."RESPUESTAPIVOTE" (PIVOTEID, ESTUDIANTES_NOMBRE_E, PREGUNTAS_ID_UNICO_P, OP1, OP2, OP3, OP4) VALUES ('172', 'Marcela', 'Q3J', '1', '0', '0', '1');
INSERT INTO "EduardoFinal"."RESPUESTAPIVOTE" (PIVOTEID, ESTUDIANTES_NOMBRE_E, PREGUNTAS_ID_UNICO_P, OP1, OP2, OP3, OP4) VALUES ('173', 'Marcela', 'Q4J', '1', '0', '0', '1');
INSERT INTO "EduardoFinal"."RESPUESTAPIVOTE" (PIVOTEID, ESTUDIANTES_NOMBRE_E, PREGUNTAS_ID_UNICO_P, OP1, OP2, OP3, OP4) VALUES ('174', 'Marcela', 'Q4J', '1', '0', '0', '1');
INSERT INTO "EduardoFinal"."RESPUESTAPIVOTE" (PIVOTEID, ESTUDIANTES_NOMBRE_E, PREGUNTAS_ID_UNICO_P, OP1, OP2, OP3, OP4) VALUES ('175', 'Marcela', 'Q4J', '1', '0', '0', '1');
INSERT INTO "EduardoFinal"."RESPUESTAPIVOTE" (PIVOTEID, ESTUDIANTES_NOMBRE_E, PREGUNTAS_ID_UNICO_P, OP1, OP2, OP3, OP4) VALUES ('176', 'Marcela', 'Q4J', '1', '0', '0', '1');
INSERT INTO "EduardoFinal"."RESPUESTAPIVOTE" (PIVOTEID, ESTUDIANTES_NOMBRE_E, PREGUNTAS_ID_UNICO_P, OP1, OP2, OP3, OP4) VALUES ('177', 'Marcela', 'Q5J', '1', '0', '0', '1');
INSERT INTO "EduardoFinal"."RESPUESTAPIVOTE" (PIVOTEID, ESTUDIANTES_NOMBRE_E, PREGUNTAS_ID_UNICO_P, OP1, OP2, OP3, OP4) VALUES ('178', 'Marcela', 'Q5J', '1', '0', '0', '1');
INSERT INTO "EduardoFinal"."RESPUESTAPIVOTE" (PIVOTEID, ESTUDIANTES_NOMBRE_E, PREGUNTAS_ID_UNICO_P, OP1, OP2, OP3, OP4) VALUES ('179', 'Marcela', 'Q5J', '1', '0', '0', '1');
INSERT INTO "EduardoFinal"."RESPUESTAPIVOTE" (PIVOTEID, ESTUDIANTES_NOMBRE_E, PREGUNTAS_ID_UNICO_P, OP1, OP2, OP3, OP4) VALUES ('180', 'Marcela', 'Q5J', '1', '0', '0', '1');

INSERT INTO "EduardoFinal"."RESPUESTAPIVOTE" (PIVOTEID, ESTUDIANTES_NOMBRE_E, PREGUNTAS_ID_UNICO_P, OP1, OP2, OP3, OP4) VALUES ('181', 'Sebastian', 'Q1J', '1', '0', '0', '1');
INSERT INTO "EduardoFinal"."RESPUESTAPIVOTE" (PIVOTEID, ESTUDIANTES_NOMBRE_E, PREGUNTAS_ID_UNICO_P, OP1, OP2, OP3, OP4) VALUES ('182', 'Sebastian', 'Q1J', '1', '0', '1', '0');
INSERT INTO "EduardoFinal"."RESPUESTAPIVOTE" (PIVOTEID, ESTUDIANTES_NOMBRE_E, PREGUNTAS_ID_UNICO_P, OP1, OP2, OP3, OP4) VALUES ('183', 'Sebastian', 'Q1J', '0', '1', '1', '1');
INSERT INTO "EduardoFinal"."RESPUESTAPIVOTE" (PIVOTEID, ESTUDIANTES_NOMBRE_E, PREGUNTAS_ID_UNICO_P, OP1, OP2, OP3, OP4) VALUES ('184', 'Sebastian', 'Q1J', '1', '0', '0', '1');
INSERT INTO "EduardoFinal"."RESPUESTAPIVOTE" (PIVOTEID, ESTUDIANTES_NOMBRE_E, PREGUNTAS_ID_UNICO_P, OP1, OP2, OP3, OP4) VALUES ('185', 'Sebastian', 'Q2J', '1', '1', '0', '1');
INSERT INTO "EduardoFinal"."RESPUESTAPIVOTE" (PIVOTEID, ESTUDIANTES_NOMBRE_E, PREGUNTAS_ID_UNICO_P, OP1, OP2, OP3, OP4) VALUES ('186', 'Sebastian', 'Q2J', '1', '0', '0', '1');
INSERT INTO "EduardoFinal"."RESPUESTAPIVOTE" (PIVOTEID, ESTUDIANTES_NOMBRE_E, PREGUNTAS_ID_UNICO_P, OP1, OP2, OP3, OP4) VALUES ('187', 'Sebastian', 'Q2J', '1', '0', '0', '1');
INSERT INTO "EduardoFinal"."RESPUESTAPIVOTE" (PIVOTEID, ESTUDIANTES_NOMBRE_E, PREGUNTAS_ID_UNICO_P, OP1, OP2, OP3, OP4) VALUES ('188', 'Sebastian', 'Q2J', '1', '0', '0', '1');
INSERT INTO "EduardoFinal"."RESPUESTAPIVOTE" (PIVOTEID, ESTUDIANTES_NOMBRE_E, PREGUNTAS_ID_UNICO_P, OP1, OP2, OP3, OP4) VALUES ('189', 'Sebastian', 'Q3J', '1', '0', '0', '1');
INSERT INTO "EduardoFinal"."RESPUESTAPIVOTE" (PIVOTEID, ESTUDIANTES_NOMBRE_E, PREGUNTAS_ID_UNICO_P, OP1, OP2, OP3, OP4) VALUES ('190', 'Sebastian', 'Q3J', '1', '0', '0', '1');
INSERT INTO "EduardoFinal"."RESPUESTAPIVOTE" (PIVOTEID, ESTUDIANTES_NOMBRE_E, PREGUNTAS_ID_UNICO_P, OP1, OP2, OP3, OP4) VALUES ('191', 'Sebastian', 'Q3J', '1', '0', '0', '1');
INSERT INTO "EduardoFinal"."RESPUESTAPIVOTE" (PIVOTEID, ESTUDIANTES_NOMBRE_E, PREGUNTAS_ID_UNICO_P, OP1, OP2, OP3, OP4) VALUES ('192', 'Sebastian', 'Q3J', '1', '0', '0', '1');
INSERT INTO "EduardoFinal"."RESPUESTAPIVOTE" (PIVOTEID, ESTUDIANTES_NOMBRE_E, PREGUNTAS_ID_UNICO_P, OP1, OP2, OP3, OP4) VALUES ('193', 'Sebastian', 'Q4J', '1', '0', '0', '1');
INSERT INTO "EduardoFinal"."RESPUESTAPIVOTE" (PIVOTEID, ESTUDIANTES_NOMBRE_E, PREGUNTAS_ID_UNICO_P, OP1, OP2, OP3, OP4) VALUES ('194', 'Sebastian', 'Q4J', '1', '0', '0', '1');
INSERT INTO "EduardoFinal"."RESPUESTAPIVOTE" (PIVOTEID, ESTUDIANTES_NOMBRE_E, PREGUNTAS_ID_UNICO_P, OP1, OP2, OP3, OP4) VALUES ('195', 'Sebastian', 'Q4J', '1', '0', '0', '1');
INSERT INTO "EduardoFinal"."RESPUESTAPIVOTE" (PIVOTEID, ESTUDIANTES_NOMBRE_E, PREGUNTAS_ID_UNICO_P, OP1, OP2, OP3, OP4) VALUES ('196', 'Sebastian', 'Q4J', '1', '0', '0', '1');
INSERT INTO "EduardoFinal"."RESPUESTAPIVOTE" (PIVOTEID, ESTUDIANTES_NOMBRE_E, PREGUNTAS_ID_UNICO_P, OP1, OP2, OP3, OP4) VALUES ('197', 'Sebastian', 'Q5J', '1', '0', '0', '1');
INSERT INTO "EduardoFinal"."RESPUESTAPIVOTE" (PIVOTEID, ESTUDIANTES_NOMBRE_E, PREGUNTAS_ID_UNICO_P, OP1, OP2, OP3, OP4) VALUES ('198', 'Sebastian', 'Q5J', '1', '0', '0', '1');
INSERT INTO "EduardoFinal"."RESPUESTAPIVOTE" (PIVOTEID, ESTUDIANTES_NOMBRE_E, PREGUNTAS_ID_UNICO_P, OP1, OP2, OP3, OP4) VALUES ('199', 'Sebastian', 'Q5J', '1', '0', '0', '1');
INSERT INTO "EduardoFinal"."RESPUESTAPIVOTE" (PIVOTEID, ESTUDIANTES_NOMBRE_E, PREGUNTAS_ID_UNICO_P, OP1, OP2, OP3, OP4) VALUES ('200', 'Sebastian', 'Q5J', '1', '0', '0', '1');




INSERT INTO "EduardoFinal"."RESPUESTAPIVOTE" (PIVOTEID, ESTUDIANTES_NOMBRE_E, PREGUNTAS_ID_UNICO_P, OP1, OP2, OP3, OP4) VALUES ('201', 'Francisco', 'Q1A', '1', '0', '0', '1');
INSERT INTO "EduardoFinal"."RESPUESTAPIVOTE" (PIVOTEID, ESTUDIANTES_NOMBRE_E, PREGUNTAS_ID_UNICO_P, OP1, OP2, OP3, OP4) VALUES ('202', 'Francisco', 'Q1A', '1', '0', '1', '0');
INSERT INTO "EduardoFinal"."RESPUESTAPIVOTE" (PIVOTEID, ESTUDIANTES_NOMBRE_E, PREGUNTAS_ID_UNICO_P, OP1, OP2, OP3, OP4) VALUES ('203', 'Francisco', 'Q1A', '0', '1', '1', '1');
INSERT INTO "EduardoFinal"."RESPUESTAPIVOTE" (PIVOTEID, ESTUDIANTES_NOMBRE_E, PREGUNTAS_ID_UNICO_P, OP1, OP2, OP3, OP4) VALUES ('204', 'Francisco', 'Q1A', '1', '0', '0', '1');
INSERT INTO "EduardoFinal"."RESPUESTAPIVOTE" (PIVOTEID, ESTUDIANTES_NOMBRE_E, PREGUNTAS_ID_UNICO_P, OP1, OP2, OP3, OP4) VALUES ('205', 'Francisco', 'Q2A', '1', '1', '0', '1');
INSERT INTO "EduardoFinal"."RESPUESTAPIVOTE" (PIVOTEID, ESTUDIANTES_NOMBRE_E, PREGUNTAS_ID_UNICO_P, OP1, OP2, OP3, OP4) VALUES ('206', 'Francisco', 'Q2A', '1', '0', '0', '1');
INSERT INTO "EduardoFinal"."RESPUESTAPIVOTE" (PIVOTEID, ESTUDIANTES_NOMBRE_E, PREGUNTAS_ID_UNICO_P, OP1, OP2, OP3, OP4) VALUES ('207', 'Francisco', 'Q2A', '1', '0', '0', '1');
INSERT INTO "EduardoFinal"."RESPUESTAPIVOTE" (PIVOTEID, ESTUDIANTES_NOMBRE_E, PREGUNTAS_ID_UNICO_P, OP1, OP2, OP3, OP4) VALUES ('208', 'Francisco', 'Q2A', '1', '0', '0', '1');
INSERT INTO "EduardoFinal"."RESPUESTAPIVOTE" (PIVOTEID, ESTUDIANTES_NOMBRE_E, PREGUNTAS_ID_UNICO_P, OP1, OP2, OP3, OP4) VALUES ('209', 'Francisco', 'Q3A', '1', '0', '0', '1');
INSERT INTO "EduardoFinal"."RESPUESTAPIVOTE" (PIVOTEID, ESTUDIANTES_NOMBRE_E, PREGUNTAS_ID_UNICO_P, OP1, OP2, OP3, OP4) VALUES ('210', 'Francisco', 'Q3A', '1', '0', '0', '1');
INSERT INTO "EduardoFinal"."RESPUESTAPIVOTE" (PIVOTEID, ESTUDIANTES_NOMBRE_E, PREGUNTAS_ID_UNICO_P, OP1, OP2, OP3, OP4) VALUES ('211', 'Francisco', 'Q3A', '1', '0', '0', '1');
INSERT INTO "EduardoFinal"."RESPUESTAPIVOTE" (PIVOTEID, ESTUDIANTES_NOMBRE_E, PREGUNTAS_ID_UNICO_P, OP1, OP2, OP3, OP4) VALUES ('212', 'Francisco', 'Q3A', '1', '0', '0', '1');
INSERT INTO "EduardoFinal"."RESPUESTAPIVOTE" (PIVOTEID, ESTUDIANTES_NOMBRE_E, PREGUNTAS_ID_UNICO_P, OP1, OP2, OP3, OP4) VALUES ('213', 'Francisco', 'Q4A', '1', '0', '0', '1');
INSERT INTO "EduardoFinal"."RESPUESTAPIVOTE" (PIVOTEID, ESTUDIANTES_NOMBRE_E, PREGUNTAS_ID_UNICO_P, OP1, OP2, OP3, OP4) VALUES ('214', 'Francisco', 'Q4A', '1', '0', '0', '1');
INSERT INTO "EduardoFinal"."RESPUESTAPIVOTE" (PIVOTEID, ESTUDIANTES_NOMBRE_E, PREGUNTAS_ID_UNICO_P, OP1, OP2, OP3, OP4) VALUES ('215', 'Francisco', 'Q4A', '1', '0', '0', '1');
INSERT INTO "EduardoFinal"."RESPUESTAPIVOTE" (PIVOTEID, ESTUDIANTES_NOMBRE_E, PREGUNTAS_ID_UNICO_P, OP1, OP2, OP3, OP4) VALUES ('216', 'Francisco', 'Q4A', '1', '0', '0', '1');
INSERT INTO "EduardoFinal"."RESPUESTAPIVOTE" (PIVOTEID, ESTUDIANTES_NOMBRE_E, PREGUNTAS_ID_UNICO_P, OP1, OP2, OP3, OP4) VALUES ('217', 'Francisco', 'Q5A', '1', '0', '0', '1');
INSERT INTO "EduardoFinal"."RESPUESTAPIVOTE" (PIVOTEID, ESTUDIANTES_NOMBRE_E, PREGUNTAS_ID_UNICO_P, OP1, OP2, OP3, OP4) VALUES ('218', 'Francisco', 'Q5A', '1', '0', '0', '1');
INSERT INTO "EduardoFinal"."RESPUESTAPIVOTE" (PIVOTEID, ESTUDIANTES_NOMBRE_E, PREGUNTAS_ID_UNICO_P, OP1, OP2, OP3, OP4) VALUES ('219', 'Francisco', 'Q5A', '1', '0', '0', '1');
INSERT INTO "EduardoFinal"."RESPUESTAPIVOTE" (PIVOTEID, ESTUDIANTES_NOMBRE_E, PREGUNTAS_ID_UNICO_P, OP1, OP2, OP3, OP4) VALUES ('220', 'Francisco', 'Q5A', '1', '0', '0', '1');

INSERT INTO "EduardoFinal"."RESPUESTAPIVOTE" (PIVOTEID, ESTUDIANTES_NOMBRE_E, PREGUNTAS_ID_UNICO_P, OP1, OP2, OP3, OP4) VALUES ('201', 'Carlos', 'Q1A', '1', '0', '0', '1');
INSERT INTO "EduardoFinal"."RESPUESTAPIVOTE" (PIVOTEID, ESTUDIANTES_NOMBRE_E, PREGUNTAS_ID_UNICO_P, OP1, OP2, OP3, OP4) VALUES ('202', 'Carlos', 'Q1A', '1', '0', '1', '0');
INSERT INTO "EduardoFinal"."RESPUESTAPIVOTE" (PIVOTEID, ESTUDIANTES_NOMBRE_E, PREGUNTAS_ID_UNICO_P, OP1, OP2, OP3, OP4) VALUES ('203', 'Carlos', 'Q1A', '0', '1', '1', '1');
INSERT INTO "EduardoFinal"."RESPUESTAPIVOTE" (PIVOTEID, ESTUDIANTES_NOMBRE_E, PREGUNTAS_ID_UNICO_P, OP1, OP2, OP3, OP4) VALUES ('204', 'Carlos', 'Q1A', '1', '0', '0', '1');
INSERT INTO "EduardoFinal"."RESPUESTAPIVOTE" (PIVOTEID, ESTUDIANTES_NOMBRE_E, PREGUNTAS_ID_UNICO_P, OP1, OP2, OP3, OP4) VALUES ('205', 'Carlos', 'Q2A', '1', '1', '0', '1');
INSERT INTO "EduardoFinal"."RESPUESTAPIVOTE" (PIVOTEID, ESTUDIANTES_NOMBRE_E, PREGUNTAS_ID_UNICO_P, OP1, OP2, OP3, OP4) VALUES ('206', 'Carlos', 'Q2A', '1', '0', '0', '1');
INSERT INTO "EduardoFinal"."RESPUESTAPIVOTE" (PIVOTEID, ESTUDIANTES_NOMBRE_E, PREGUNTAS_ID_UNICO_P, OP1, OP2, OP3, OP4) VALUES ('207', 'Carlos', 'Q2A', '1', '0', '0', '1');
INSERT INTO "EduardoFinal"."RESPUESTAPIVOTE" (PIVOTEID, ESTUDIANTES_NOMBRE_E, PREGUNTAS_ID_UNICO_P, OP1, OP2, OP3, OP4) VALUES ('208', 'Carlos', 'Q2A', '1', '0', '0', '1');
INSERT INTO "EduardoFinal"."RESPUESTAPIVOTE" (PIVOTEID, ESTUDIANTES_NOMBRE_E, PREGUNTAS_ID_UNICO_P, OP1, OP2, OP3, OP4) VALUES ('209', 'Carlos', 'Q3A', '1', '0', '0', '1');
INSERT INTO "EduardoFinal"."RESPUESTAPIVOTE" (PIVOTEID, ESTUDIANTES_NOMBRE_E, PREGUNTAS_ID_UNICO_P, OP1, OP2, OP3, OP4) VALUES ('210', 'Carlos', 'Q3A', '1', '0', '0', '1');
INSERT INTO "EduardoFinal"."RESPUESTAPIVOTE" (PIVOTEID, ESTUDIANTES_NOMBRE_E, PREGUNTAS_ID_UNICO_P, OP1, OP2, OP3, OP4) VALUES ('211', 'Carlos', 'Q3A', '1', '0', '0', '1');
INSERT INTO "EduardoFinal"."RESPUESTAPIVOTE" (PIVOTEID, ESTUDIANTES_NOMBRE_E, PREGUNTAS_ID_UNICO_P, OP1, OP2, OP3, OP4) VALUES ('212', 'Carlos', 'Q3A', '1', '0', '0', '1');
INSERT INTO "EduardoFinal"."RESPUESTAPIVOTE" (PIVOTEID, ESTUDIANTES_NOMBRE_E, PREGUNTAS_ID_UNICO_P, OP1, OP2, OP3, OP4) VALUES ('213', 'Carlos', 'Q4A', '1', '0', '0', '1');
INSERT INTO "EduardoFinal"."RESPUESTAPIVOTE" (PIVOTEID, ESTUDIANTES_NOMBRE_E, PREGUNTAS_ID_UNICO_P, OP1, OP2, OP3, OP4) VALUES ('214', 'Carlos', 'Q4A', '1', '0', '0', '1');
INSERT INTO "EduardoFinal"."RESPUESTAPIVOTE" (PIVOTEID, ESTUDIANTES_NOMBRE_E, PREGUNTAS_ID_UNICO_P, OP1, OP2, OP3, OP4) VALUES ('215', 'Carlos', 'Q4A', '1', '0', '0', '1');
INSERT INTO "EduardoFinal"."RESPUESTAPIVOTE" (PIVOTEID, ESTUDIANTES_NOMBRE_E, PREGUNTAS_ID_UNICO_P, OP1, OP2, OP3, OP4) VALUES ('216', 'Carlos', 'Q4A', '1', '0', '0', '1');
INSERT INTO "EduardoFinal"."RESPUESTAPIVOTE" (PIVOTEID, ESTUDIANTES_NOMBRE_E, PREGUNTAS_ID_UNICO_P, OP1, OP2, OP3, OP4) VALUES ('217', 'Carlos', 'Q5A', '1', '0', '0', '1');
INSERT INTO "EduardoFinal"."RESPUESTAPIVOTE" (PIVOTEID, ESTUDIANTES_NOMBRE_E, PREGUNTAS_ID_UNICO_P, OP1, OP2, OP3, OP4) VALUES ('218', 'Carlos', 'Q5A', '1', '0', '0', '1');
INSERT INTO "EduardoFinal"."RESPUESTAPIVOTE" (PIVOTEID, ESTUDIANTES_NOMBRE_E, PREGUNTAS_ID_UNICO_P, OP1, OP2, OP3, OP4) VALUES ('219', 'Carlos', 'Q5A', '1', '0', '0', '1');
INSERT INTO "EduardoFinal"."RESPUESTAPIVOTE" (PIVOTEID, ESTUDIANTES_NOMBRE_E, PREGUNTAS_ID_UNICO_P, OP1, OP2, OP3, OP4) VALUES ('220', 'Carlos', 'Q5A', '1', '0', '0', '1');


INSERT INTO "EduardoFinal"."RESPUESTAPIVOTE" (PIVOTEID, ESTUDIANTES_NOMBRE_E, PREGUNTAS_ID_UNICO_P, OP1, OP2, OP3, OP4) VALUES ('221', 'Donald', 'Q1A', '1', '0', '0', '1');
INSERT INTO "EduardoFinal"."RESPUESTAPIVOTE" (PIVOTEID, ESTUDIANTES_NOMBRE_E, PREGUNTAS_ID_UNICO_P, OP1, OP2, OP3, OP4) VALUES ('222', 'Donald', 'Q1A', '1', '0', '1', '0');
INSERT INTO "EduardoFinal"."RESPUESTAPIVOTE" (PIVOTEID, ESTUDIANTES_NOMBRE_E, PREGUNTAS_ID_UNICO_P, OP1, OP2, OP3, OP4) VALUES ('223', 'Donald', 'Q1A', '0', '1', '1', '1');
INSERT INTO "EduardoFinal"."RESPUESTAPIVOTE" (PIVOTEID, ESTUDIANTES_NOMBRE_E, PREGUNTAS_ID_UNICO_P, OP1, OP2, OP3, OP4) VALUES ('224', 'Donald', 'Q1A', '1', '0', '0', '1');
INSERT INTO "EduardoFinal"."RESPUESTAPIVOTE" (PIVOTEID, ESTUDIANTES_NOMBRE_E, PREGUNTAS_ID_UNICO_P, OP1, OP2, OP3, OP4) VALUES ('225', 'Donald', 'Q2A', '1', '1', '0', '1');
INSERT INTO "EduardoFinal"."RESPUESTAPIVOTE" (PIVOTEID, ESTUDIANTES_NOMBRE_E, PREGUNTAS_ID_UNICO_P, OP1, OP2, OP3, OP4) VALUES ('226', 'Donald', 'Q2A', '1', '0', '0', '1');
INSERT INTO "EduardoFinal"."RESPUESTAPIVOTE" (PIVOTEID, ESTUDIANTES_NOMBRE_E, PREGUNTAS_ID_UNICO_P, OP1, OP2, OP3, OP4) VALUES ('227', 'Donald', 'Q2A', '1', '0', '0', '1');
INSERT INTO "EduardoFinal"."RESPUESTAPIVOTE" (PIVOTEID, ESTUDIANTES_NOMBRE_E, PREGUNTAS_ID_UNICO_P, OP1, OP2, OP3, OP4) VALUES ('228', 'Donald', 'Q2A', '1', '0', '0', '1');
INSERT INTO "EduardoFinal"."RESPUESTAPIVOTE" (PIVOTEID, ESTUDIANTES_NOMBRE_E, PREGUNTAS_ID_UNICO_P, OP1, OP2, OP3, OP4) VALUES ('229', 'Donald', 'Q3A', '1', '0', '0', '1');
INSERT INTO "EduardoFinal"."RESPUESTAPIVOTE" (PIVOTEID, ESTUDIANTES_NOMBRE_E, PREGUNTAS_ID_UNICO_P, OP1, OP2, OP3, OP4) VALUES ('230', 'Donald', 'Q3A', '1', '0', '0', '1');
INSERT INTO "EduardoFinal"."RESPUESTAPIVOTE" (PIVOTEID, ESTUDIANTES_NOMBRE_E, PREGUNTAS_ID_UNICO_P, OP1, OP2, OP3, OP4) VALUES ('231', 'Donald', 'Q3A', '1', '0', '0', '1');
INSERT INTO "EduardoFinal"."RESPUESTAPIVOTE" (PIVOTEID, ESTUDIANTES_NOMBRE_E, PREGUNTAS_ID_UNICO_P, OP1, OP2, OP3, OP4) VALUES ('232', 'Donald', 'Q3A', '1', '0', '0', '1');
INSERT INTO "EduardoFinal"."RESPUESTAPIVOTE" (PIVOTEID, ESTUDIANTES_NOMBRE_E, PREGUNTAS_ID_UNICO_P, OP1, OP2, OP3, OP4) VALUES ('233', 'Donald', 'Q4A', '1', '0', '0', '1');
INSERT INTO "EduardoFinal"."RESPUESTAPIVOTE" (PIVOTEID, ESTUDIANTES_NOMBRE_E, PREGUNTAS_ID_UNICO_P, OP1, OP2, OP3, OP4) VALUES ('234', 'Donald', 'Q4A', '1', '0', '0', '1');
INSERT INTO "EduardoFinal"."RESPUESTAPIVOTE" (PIVOTEID, ESTUDIANTES_NOMBRE_E, PREGUNTAS_ID_UNICO_P, OP1, OP2, OP3, OP4) VALUES ('235', 'Donald', 'Q4A', '1', '0', '0', '1');
INSERT INTO "EduardoFinal"."RESPUESTAPIVOTE" (PIVOTEID, ESTUDIANTES_NOMBRE_E, PREGUNTAS_ID_UNICO_P, OP1, OP2, OP3, OP4) VALUES ('236', 'Donald', 'Q4A', '1', '0', '0', '1');
INSERT INTO "EduardoFinal"."RESPUESTAPIVOTE" (PIVOTEID, ESTUDIANTES_NOMBRE_E, PREGUNTAS_ID_UNICO_P, OP1, OP2, OP3, OP4) VALUES ('237', 'Donald', 'Q5A', '1', '0', '0', '1');
INSERT INTO "EduardoFinal"."RESPUESTAPIVOTE" (PIVOTEID, ESTUDIANTES_NOMBRE_E, PREGUNTAS_ID_UNICO_P, OP1, OP2, OP3, OP4) VALUES ('238', 'Donald', 'Q5A', '1', '0', '0', '1');
INSERT INTO "EduardoFinal"."RESPUESTAPIVOTE" (PIVOTEID, ESTUDIANTES_NOMBRE_E, PREGUNTAS_ID_UNICO_P, OP1, OP2, OP3, OP4) VALUES ('239', 'Donald', 'Q5A', '1', '0', '0', '1');
INSERT INTO "EduardoFinal"."RESPUESTAPIVOTE" (PIVOTEID, ESTUDIANTES_NOMBRE_E, PREGUNTAS_ID_UNICO_P, OP1, OP2, OP3, OP4) VALUES ('240', 'Donald', 'Q5A', '1', '0', '0', '1');



INSERT INTO "EduardoFinal"."RESPUESTAPIVOTE" (PIVOTEID, ESTUDIANTES_NOMBRE_E, PREGUNTAS_ID_UNICO_P, OP1, OP2, OP3, OP4) VALUES ('241', 'Hillary', 'Q1A', '1', '0', '0', '1');
INSERT INTO "EduardoFinal"."RESPUESTAPIVOTE" (PIVOTEID, ESTUDIANTES_NOMBRE_E, PREGUNTAS_ID_UNICO_P, OP1, OP2, OP3, OP4) VALUES ('242', 'Hillary', 'Q1A', '1', '0', '1', '0');
INSERT INTO "EduardoFinal"."RESPUESTAPIVOTE" (PIVOTEID, ESTUDIANTES_NOMBRE_E, PREGUNTAS_ID_UNICO_P, OP1, OP2, OP3, OP4) VALUES ('243', 'Hillary', 'Q1A', '0', '1', '1', '1');
INSERT INTO "EduardoFinal"."RESPUESTAPIVOTE" (PIVOTEID, ESTUDIANTES_NOMBRE_E, PREGUNTAS_ID_UNICO_P, OP1, OP2, OP3, OP4) VALUES ('244', 'Hillary', 'Q1A', '1', '0', '0', '1');
INSERT INTO "EduardoFinal"."RESPUESTAPIVOTE" (PIVOTEID, ESTUDIANTES_NOMBRE_E, PREGUNTAS_ID_UNICO_P, OP1, OP2, OP3, OP4) VALUES ('245', 'Hillary', 'Q2A', '1', '1', '0', '1');
INSERT INTO "EduardoFinal"."RESPUESTAPIVOTE" (PIVOTEID, ESTUDIANTES_NOMBRE_E, PREGUNTAS_ID_UNICO_P, OP1, OP2, OP3, OP4) VALUES ('246', 'Hillary', 'Q2A', '1', '0', '0', '1');
INSERT INTO "EduardoFinal"."RESPUESTAPIVOTE" (PIVOTEID, ESTUDIANTES_NOMBRE_E, PREGUNTAS_ID_UNICO_P, OP1, OP2, OP3, OP4) VALUES ('247', 'Hillary', 'Q2A', '1', '0', '0', '1');
INSERT INTO "EduardoFinal"."RESPUESTAPIVOTE" (PIVOTEID, ESTUDIANTES_NOMBRE_E, PREGUNTAS_ID_UNICO_P, OP1, OP2, OP3, OP4) VALUES ('248', 'Hillary', 'Q2A', '1', '0', '0', '1');
INSERT INTO "EduardoFinal"."RESPUESTAPIVOTE" (PIVOTEID, ESTUDIANTES_NOMBRE_E, PREGUNTAS_ID_UNICO_P, OP1, OP2, OP3, OP4) VALUES ('249', 'Hillary', 'Q3A', '1', '0', '0', '1');
INSERT INTO "EduardoFinal"."RESPUESTAPIVOTE" (PIVOTEID, ESTUDIANTES_NOMBRE_E, PREGUNTAS_ID_UNICO_P, OP1, OP2, OP3, OP4) VALUES ('250', 'Hillary', 'Q3A', '1', '0', '0', '1');
INSERT INTO "EduardoFinal"."RESPUESTAPIVOTE" (PIVOTEID, ESTUDIANTES_NOMBRE_E, PREGUNTAS_ID_UNICO_P, OP1, OP2, OP3, OP4) VALUES ('251', 'Hillary', 'Q3A', '1', '0', '0', '1');
INSERT INTO "EduardoFinal"."RESPUESTAPIVOTE" (PIVOTEID, ESTUDIANTES_NOMBRE_E, PREGUNTAS_ID_UNICO_P, OP1, OP2, OP3, OP4) VALUES ('252', 'Hillary', 'Q3A', '1', '0', '0', '1');
INSERT INTO "EduardoFinal"."RESPUESTAPIVOTE" (PIVOTEID, ESTUDIANTES_NOMBRE_E, PREGUNTAS_ID_UNICO_P, OP1, OP2, OP3, OP4) VALUES ('253', 'Hillary', 'Q4A', '1', '0', '0', '1');
INSERT INTO "EduardoFinal"."RESPUESTAPIVOTE" (PIVOTEID, ESTUDIANTES_NOMBRE_E, PREGUNTAS_ID_UNICO_P, OP1, OP2, OP3, OP4) VALUES ('254', 'Hillary', 'Q4A', '1', '0', '0', '1');
INSERT INTO "EduardoFinal"."RESPUESTAPIVOTE" (PIVOTEID, ESTUDIANTES_NOMBRE_E, PREGUNTAS_ID_UNICO_P, OP1, OP2, OP3, OP4) VALUES ('255', 'Hillary', 'Q4A', '1', '0', '0', '1');
INSERT INTO "EduardoFinal"."RESPUESTAPIVOTE" (PIVOTEID, ESTUDIANTES_NOMBRE_E, PREGUNTAS_ID_UNICO_P, OP1, OP2, OP3, OP4) VALUES ('256', 'Hillary', 'Q4A', '1', '0', '0', '1');
INSERT INTO "EduardoFinal"."RESPUESTAPIVOTE" (PIVOTEID, ESTUDIANTES_NOMBRE_E, PREGUNTAS_ID_UNICO_P, OP1, OP2, OP3, OP4) VALUES ('257', 'Hillary', 'Q5A', '1', '0', '0', '1');
INSERT INTO "EduardoFinal"."RESPUESTAPIVOTE" (PIVOTEID, ESTUDIANTES_NOMBRE_E, PREGUNTAS_ID_UNICO_P, OP1, OP2, OP3, OP4) VALUES ('258', 'Hillary', 'Q5A', '1', '0', '0', '1');
INSERT INTO "EduardoFinal"."RESPUESTAPIVOTE" (PIVOTEID, ESTUDIANTES_NOMBRE_E, PREGUNTAS_ID_UNICO_P, OP1, OP2, OP3, OP4) VALUES ('259', 'Hillary', 'Q5A', '1', '0', '0', '1');
INSERT INTO "EduardoFinal"."RESPUESTAPIVOTE" (PIVOTEID, ESTUDIANTES_NOMBRE_E, PREGUNTAS_ID_UNICO_P, OP1, OP2, OP3, OP4) VALUES ('260', 'Hillary', 'Q5A', '1', '0', '0', '1');



INSERT INTO "EduardoFinal"."RESPUESTAPIVOTE" (PIVOTEID, ESTUDIANTES_NOMBRE_E, PREGUNTAS_ID_UNICO_P, OP1, OP2, OP3, OP4) VALUES ('261', 'Ben', 'Q1A', '1', '0', '0', '1');
INSERT INTO "EduardoFinal"."RESPUESTAPIVOTE" (PIVOTEID, ESTUDIANTES_NOMBRE_E, PREGUNTAS_ID_UNICO_P, OP1, OP2, OP3, OP4) VALUES ('262', 'Ben', 'Q1A', '1', '0', '1', '0');
INSERT INTO "EduardoFinal"."RESPUESTAPIVOTE" (PIVOTEID, ESTUDIANTES_NOMBRE_E, PREGUNTAS_ID_UNICO_P, OP1, OP2, OP3, OP4) VALUES ('263', 'Ben', 'Q1A', '0', '1', '1', '1');
INSERT INTO "EduardoFinal"."RESPUESTAPIVOTE" (PIVOTEID, ESTUDIANTES_NOMBRE_E, PREGUNTAS_ID_UNICO_P, OP1, OP2, OP3, OP4) VALUES ('264', 'Ben', 'Q1A', '1', '0', '0', '1');
INSERT INTO "EduardoFinal"."RESPUESTAPIVOTE" (PIVOTEID, ESTUDIANTES_NOMBRE_E, PREGUNTAS_ID_UNICO_P, OP1, OP2, OP3, OP4) VALUES ('265', 'Ben', 'Q2A', '1', '1', '0', '1');
INSERT INTO "EduardoFinal"."RESPUESTAPIVOTE" (PIVOTEID, ESTUDIANTES_NOMBRE_E, PREGUNTAS_ID_UNICO_P, OP1, OP2, OP3, OP4) VALUES ('266', 'Ben', 'Q2A', '1', '0', '0', '1');
INSERT INTO "EduardoFinal"."RESPUESTAPIVOTE" (PIVOTEID, ESTUDIANTES_NOMBRE_E, PREGUNTAS_ID_UNICO_P, OP1, OP2, OP3, OP4) VALUES ('267', 'Ben', 'Q2A', '1', '0', '0', '1');
INSERT INTO "EduardoFinal"."RESPUESTAPIVOTE" (PIVOTEID, ESTUDIANTES_NOMBRE_E, PREGUNTAS_ID_UNICO_P, OP1, OP2, OP3, OP4) VALUES ('268', 'Ben', 'Q2A', '1', '0', '0', '1');
INSERT INTO "EduardoFinal"."RESPUESTAPIVOTE" (PIVOTEID, ESTUDIANTES_NOMBRE_E, PREGUNTAS_ID_UNICO_P, OP1, OP2, OP3, OP4) VALUES ('269', 'Ben', 'Q3A', '1', '0', '0', '1');
INSERT INTO "EduardoFinal"."RESPUESTAPIVOTE" (PIVOTEID, ESTUDIANTES_NOMBRE_E, PREGUNTAS_ID_UNICO_P, OP1, OP2, OP3, OP4) VALUES ('270', 'Ben', 'Q3A', '1', '0', '0', '1');
INSERT INTO "EduardoFinal"."RESPUESTAPIVOTE" (PIVOTEID, ESTUDIANTES_NOMBRE_E, PREGUNTAS_ID_UNICO_P, OP1, OP2, OP3, OP4) VALUES ('271', 'Ben', 'Q3A', '1', '0', '0', '1');
INSERT INTO "EduardoFinal"."RESPUESTAPIVOTE" (PIVOTEID, ESTUDIANTES_NOMBRE_E, PREGUNTAS_ID_UNICO_P, OP1, OP2, OP3, OP4) VALUES ('272', 'Ben', 'Q3A', '1', '0', '0', '1');
INSERT INTO "EduardoFinal"."RESPUESTAPIVOTE" (PIVOTEID, ESTUDIANTES_NOMBRE_E, PREGUNTAS_ID_UNICO_P, OP1, OP2, OP3, OP4) VALUES ('273', 'Ben', 'Q4A', '1', '0', '0', '1');
INSERT INTO "EduardoFinal"."RESPUESTAPIVOTE" (PIVOTEID, ESTUDIANTES_NOMBRE_E, PREGUNTAS_ID_UNICO_P, OP1, OP2, OP3, OP4) VALUES ('274', 'Ben', 'Q4A', '1', '0', '0', '1');
INSERT INTO "EduardoFinal"."RESPUESTAPIVOTE" (PIVOTEID, ESTUDIANTES_NOMBRE_E, PREGUNTAS_ID_UNICO_P, OP1, OP2, OP3, OP4) VALUES ('275', 'Ben', 'Q4A', '1', '0', '0', '1');
INSERT INTO "EduardoFinal"."RESPUESTAPIVOTE" (PIVOTEID, ESTUDIANTES_NOMBRE_E, PREGUNTAS_ID_UNICO_P, OP1, OP2, OP3, OP4) VALUES ('276', 'Ben', 'Q4A', '1', '0', '0', '1');
INSERT INTO "EduardoFinal"."RESPUESTAPIVOTE" (PIVOTEID, ESTUDIANTES_NOMBRE_E, PREGUNTAS_ID_UNICO_P, OP1, OP2, OP3, OP4) VALUES ('277', 'Ben', 'Q5A', '1', '0', '0', '1');
INSERT INTO "EduardoFinal"."RESPUESTAPIVOTE" (PIVOTEID, ESTUDIANTES_NOMBRE_E, PREGUNTAS_ID_UNICO_P, OP1, OP2, OP3, OP4) VALUES ('278', 'Ben', 'Q5A', '1', '0', '0', '1');
INSERT INTO "EduardoFinal"."RESPUESTAPIVOTE" (PIVOTEID, ESTUDIANTES_NOMBRE_E, PREGUNTAS_ID_UNICO_P, OP1, OP2, OP3, OP4) VALUES ('279', 'Ben', 'Q5A', '1', '0', '0', '1');
INSERT INTO "EduardoFinal"."RESPUESTAPIVOTE" (PIVOTEID, ESTUDIANTES_NOMBRE_E, PREGUNTAS_ID_UNICO_P, OP1, OP2, OP3, OP4) VALUES ('280', 'Ben', 'Q5A', '1', '0', '0', '1');


INSERT INTO "EduardoFinal"."RESPUESTAPIVOTE" (PIVOTEID, ESTUDIANTES_NOMBRE_E, PREGUNTAS_ID_UNICO_P, OP1, OP2, OP3, OP4) VALUES ('281', 'Elizabeth', 'Q1A', '1', '0', '0', '1');
INSERT INTO "EduardoFinal"."RESPUESTAPIVOTE" (PIVOTEID, ESTUDIANTES_NOMBRE_E, PREGUNTAS_ID_UNICO_P, OP1, OP2, OP3, OP4) VALUES ('282', 'Elizabeth', 'Q1A', '1', '0', '1', '0');
INSERT INTO "EduardoFinal"."RESPUESTAPIVOTE" (PIVOTEID, ESTUDIANTES_NOMBRE_E, PREGUNTAS_ID_UNICO_P, OP1, OP2, OP3, OP4) VALUES ('283', 'Elizabeth', 'Q1A', '0', '1', '1', '1');
INSERT INTO "EduardoFinal"."RESPUESTAPIVOTE" (PIVOTEID, ESTUDIANTES_NOMBRE_E, PREGUNTAS_ID_UNICO_P, OP1, OP2, OP3, OP4) VALUES ('284', 'Elizabeth', 'Q1A', '1', '0', '0', '1');
INSERT INTO "EduardoFinal"."RESPUESTAPIVOTE" (PIVOTEID, ESTUDIANTES_NOMBRE_E, PREGUNTAS_ID_UNICO_P, OP1, OP2, OP3, OP4) VALUES ('285', 'Elizabeth', 'Q2A', '1', '1', '0', '1');
INSERT INTO "EduardoFinal"."RESPUESTAPIVOTE" (PIVOTEID, ESTUDIANTES_NOMBRE_E, PREGUNTAS_ID_UNICO_P, OP1, OP2, OP3, OP4) VALUES ('286', 'Elizabeth', 'Q2A', '1', '0', '0', '1');
INSERT INTO "EduardoFinal"."RESPUESTAPIVOTE" (PIVOTEID, ESTUDIANTES_NOMBRE_E, PREGUNTAS_ID_UNICO_P, OP1, OP2, OP3, OP4) VALUES ('287', 'Elizabeth', 'Q2A', '1', '0', '0', '1');
INSERT INTO "EduardoFinal"."RESPUESTAPIVOTE" (PIVOTEID, ESTUDIANTES_NOMBRE_E, PREGUNTAS_ID_UNICO_P, OP1, OP2, OP3, OP4) VALUES ('288', 'Elizabeth', 'Q2A', '1', '0', '0', '1');
INSERT INTO "EduardoFinal"."RESPUESTAPIVOTE" (PIVOTEID, ESTUDIANTES_NOMBRE_E, PREGUNTAS_ID_UNICO_P, OP1, OP2, OP3, OP4) VALUES ('289', 'Elizabeth', 'Q3A', '1', '0', '0', '1');
INSERT INTO "EduardoFinal"."RESPUESTAPIVOTE" (PIVOTEID, ESTUDIANTES_NOMBRE_E, PREGUNTAS_ID_UNICO_P, OP1, OP2, OP3, OP4) VALUES ('290', 'Elizabeth', 'Q3A', '1', '0', '0', '1');
INSERT INTO "EduardoFinal"."RESPUESTAPIVOTE" (PIVOTEID, ESTUDIANTES_NOMBRE_E, PREGUNTAS_ID_UNICO_P, OP1, OP2, OP3, OP4) VALUES ('291', 'Elizabeth', 'Q3A', '1', '0', '0', '1');
INSERT INTO "EduardoFinal"."RESPUESTAPIVOTE" (PIVOTEID, ESTUDIANTES_NOMBRE_E, PREGUNTAS_ID_UNICO_P, OP1, OP2, OP3, OP4) VALUES ('292', 'Elizabeth', 'Q3A', '1', '0', '0', '1');
INSERT INTO "EduardoFinal"."RESPUESTAPIVOTE" (PIVOTEID, ESTUDIANTES_NOMBRE_E, PREGUNTAS_ID_UNICO_P, OP1, OP2, OP3, OP4) VALUES ('293', 'Elizabeth', 'Q4A', '1', '0', '0', '1');
INSERT INTO "EduardoFinal"."RESPUESTAPIVOTE" (PIVOTEID, ESTUDIANTES_NOMBRE_E, PREGUNTAS_ID_UNICO_P, OP1, OP2, OP3, OP4) VALUES ('294', 'Elizabeth', 'Q4A', '1', '0', '0', '1');
INSERT INTO "EduardoFinal"."RESPUESTAPIVOTE" (PIVOTEID, ESTUDIANTES_NOMBRE_E, PREGUNTAS_ID_UNICO_P, OP1, OP2, OP3, OP4) VALUES ('295', 'Elizabeth', 'Q4A', '1', '0', '0', '1');
INSERT INTO "EduardoFinal"."RESPUESTAPIVOTE" (PIVOTEID, ESTUDIANTES_NOMBRE_E, PREGUNTAS_ID_UNICO_P, OP1, OP2, OP3, OP4) VALUES ('296', 'Elizabeth', 'Q4A', '1', '0', '0', '1');
INSERT INTO "EduardoFinal"."RESPUESTAPIVOTE" (PIVOTEID, ESTUDIANTES_NOMBRE_E, PREGUNTAS_ID_UNICO_P, OP1, OP2, OP3, OP4) VALUES ('297', 'Elizabeth', 'Q5A', '1', '0', '0', '1');
INSERT INTO "EduardoFinal"."RESPUESTAPIVOTE" (PIVOTEID, ESTUDIANTES_NOMBRE_E, PREGUNTAS_ID_UNICO_P, OP1, OP2, OP3, OP4) VALUES ('298', 'Elizabeth', 'Q5A', '1', '0', '0', '1');
INSERT INTO "EduardoFinal"."RESPUESTAPIVOTE" (PIVOTEID, ESTUDIANTES_NOMBRE_E, PREGUNTAS_ID_UNICO_P, OP1, OP2, OP3, OP4) VALUES ('299', 'Elizabeth', 'Q5A', '1', '0', '0', '1');
INSERT INTO "EduardoFinal"."RESPUESTAPIVOTE" (PIVOTEID, ESTUDIANTES_NOMBRE_E, PREGUNTAS_ID_UNICO_P, OP1, OP2, OP3, OP4) VALUES ('300', 'Elizabeth', 'Q5A', '1', '0', '0', '1');


INSERT INTO "EduardoFinal"."RESPUESTAPIVOTE" (PIVOTEID, ESTUDIANTES_NOMBRE_E, PREGUNTAS_ID_UNICO_P, OP1, OP2, OP3, OP4) VALUES ('301', 'Alexandra', 'Q1A', '1', '0', '0', '1');
INSERT INTO "EduardoFinal"."RESPUESTAPIVOTE" (PIVOTEID, ESTUDIANTES_NOMBRE_E, PREGUNTAS_ID_UNICO_P, OP1, OP2, OP3, OP4) VALUES ('302', 'Alexandra', 'Q1A', '1', '0', '1', '0');
INSERT INTO "EduardoFinal"."RESPUESTAPIVOTE" (PIVOTEID, ESTUDIANTES_NOMBRE_E, PREGUNTAS_ID_UNICO_P, OP1, OP2, OP3, OP4) VALUES ('303', 'Alexandra', 'Q1A', '0', '1', '1', '1');
INSERT INTO "EduardoFinal"."RESPUESTAPIVOTE" (PIVOTEID, ESTUDIANTES_NOMBRE_E, PREGUNTAS_ID_UNICO_P, OP1, OP2, OP3, OP4) VALUES ('304', 'Alexandra', 'Q1A', '1', '0', '0', '1');
INSERT INTO "EduardoFinal"."RESPUESTAPIVOTE" (PIVOTEID, ESTUDIANTES_NOMBRE_E, PREGUNTAS_ID_UNICO_P, OP1, OP2, OP3, OP4) VALUES ('305', 'Alexandra', 'Q2A', '1', '1', '0', '1');
INSERT INTO "EduardoFinal"."RESPUESTAPIVOTE" (PIVOTEID, ESTUDIANTES_NOMBRE_E, PREGUNTAS_ID_UNICO_P, OP1, OP2, OP3, OP4) VALUES ('306', 'Alexandra', 'Q2A', '1', '0', '0', '1');
INSERT INTO "EduardoFinal"."RESPUESTAPIVOTE" (PIVOTEID, ESTUDIANTES_NOMBRE_E, PREGUNTAS_ID_UNICO_P, OP1, OP2, OP3, OP4) VALUES ('307', 'Alexandra', 'Q2A', '1', '0', '0', '1');
INSERT INTO "EduardoFinal"."RESPUESTAPIVOTE" (PIVOTEID, ESTUDIANTES_NOMBRE_E, PREGUNTAS_ID_UNICO_P, OP1, OP2, OP3, OP4) VALUES ('308', 'Alexandra', 'Q2A', '1', '0', '0', '1');
INSERT INTO "EduardoFinal"."RESPUESTAPIVOTE" (PIVOTEID, ESTUDIANTES_NOMBRE_E, PREGUNTAS_ID_UNICO_P, OP1, OP2, OP3, OP4) VALUES ('309', 'Alexandra', 'Q3A', '1', '0', '0', '1');
INSERT INTO "EduardoFinal"."RESPUESTAPIVOTE" (PIVOTEID, ESTUDIANTES_NOMBRE_E, PREGUNTAS_ID_UNICO_P, OP1, OP2, OP3, OP4) VALUES ('310', 'Alexandra', 'Q3A', '1', '0', '0', '1');
INSERT INTO "EduardoFinal"."RESPUESTAPIVOTE" (PIVOTEID, ESTUDIANTES_NOMBRE_E, PREGUNTAS_ID_UNICO_P, OP1, OP2, OP3, OP4) VALUES ('311', 'Alexandra', 'Q3A', '1', '0', '0', '1');
INSERT INTO "EduardoFinal"."RESPUESTAPIVOTE" (PIVOTEID, ESTUDIANTES_NOMBRE_E, PREGUNTAS_ID_UNICO_P, OP1, OP2, OP3, OP4) VALUES ('312', 'Alexandra', 'Q3A', '1', '0', '0', '1');
INSERT INTO "EduardoFinal"."RESPUESTAPIVOTE" (PIVOTEID, ESTUDIANTES_NOMBRE_E, PREGUNTAS_ID_UNICO_P, OP1, OP2, OP3, OP4) VALUES ('313', 'Alexandra', 'Q4A', '1', '0', '0', '1');
INSERT INTO "EduardoFinal"."RESPUESTAPIVOTE" (PIVOTEID, ESTUDIANTES_NOMBRE_E, PREGUNTAS_ID_UNICO_P, OP1, OP2, OP3, OP4) VALUES ('314', 'Alexandra', 'Q4A', '1', '0', '0', '1');
INSERT INTO "EduardoFinal"."RESPUESTAPIVOTE" (PIVOTEID, ESTUDIANTES_NOMBRE_E, PREGUNTAS_ID_UNICO_P, OP1, OP2, OP3, OP4) VALUES ('315', 'Alexandra', 'Q4A', '1', '0', '0', '1');
INSERT INTO "EduardoFinal"."RESPUESTAPIVOTE" (PIVOTEID, ESTUDIANTES_NOMBRE_E, PREGUNTAS_ID_UNICO_P, OP1, OP2, OP3, OP4) VALUES ('316', 'Alexandra', 'Q4A', '1', '0', '0', '1');
INSERT INTO "EduardoFinal"."RESPUESTAPIVOTE" (PIVOTEID, ESTUDIANTES_NOMBRE_E, PREGUNTAS_ID_UNICO_P, OP1, OP2, OP3, OP4) VALUES ('317', 'Alexandra', 'Q5A', '1', '0', '0', '1');
INSERT INTO "EduardoFinal"."RESPUESTAPIVOTE" (PIVOTEID, ESTUDIANTES_NOMBRE_E, PREGUNTAS_ID_UNICO_P, OP1, OP2, OP3, OP4) VALUES ('318', 'Alexandra', 'Q5A', '1', '0', '0', '1');
INSERT INTO "EduardoFinal"."RESPUESTAPIVOTE" (PIVOTEID, ESTUDIANTES_NOMBRE_E, PREGUNTAS_ID_UNICO_P, OP1, OP2, OP3, OP4) VALUES ('319', 'Alexandra', 'Q5A', '1', '0', '0', '1');
INSERT INTO "EduardoFinal"."RESPUESTAPIVOTE" (PIVOTEID, ESTUDIANTES_NOMBRE_E, PREGUNTAS_ID_UNICO_P, OP1, OP2, OP3, OP4) VALUES ('320', 'Alexandra', 'Q5A', '1', '0', '0', '1');



INSERT INTO "EduardoFinal"."RESPUESTAPIVOTE" (PIVOTEID, ESTUDIANTES_NOMBRE_E, PREGUNTAS_ID_UNICO_P, OP1, OP2, OP3, OP4) VALUES ('321', 'Sarah', 'Q1A', '1', '0', '0', '1');
INSERT INTO "EduardoFinal"."RESPUESTAPIVOTE" (PIVOTEID, ESTUDIANTES_NOMBRE_E, PREGUNTAS_ID_UNICO_P, OP1, OP2, OP3, OP4) VALUES ('322', 'Sarah', 'Q1A', '1', '0', '1', '0');
INSERT INTO "EduardoFinal"."RESPUESTAPIVOTE" (PIVOTEID, ESTUDIANTES_NOMBRE_E, PREGUNTAS_ID_UNICO_P, OP1, OP2, OP3, OP4) VALUES ('323', 'Sarah', 'Q1A', '0', '1', '1', '1');
INSERT INTO "EduardoFinal"."RESPUESTAPIVOTE" (PIVOTEID, ESTUDIANTES_NOMBRE_E, PREGUNTAS_ID_UNICO_P, OP1, OP2, OP3, OP4) VALUES ('324', 'Sarah', 'Q1A', '1', '0', '0', '1');
INSERT INTO "EduardoFinal"."RESPUESTAPIVOTE" (PIVOTEID, ESTUDIANTES_NOMBRE_E, PREGUNTAS_ID_UNICO_P, OP1, OP2, OP3, OP4) VALUES ('325', 'Sarah', 'Q2A', '1', '1', '0', '1');
INSERT INTO "EduardoFinal"."RESPUESTAPIVOTE" (PIVOTEID, ESTUDIANTES_NOMBRE_E, PREGUNTAS_ID_UNICO_P, OP1, OP2, OP3, OP4) VALUES ('326', 'Sarah', 'Q2A', '1', '0', '0', '1');
INSERT INTO "EduardoFinal"."RESPUESTAPIVOTE" (PIVOTEID, ESTUDIANTES_NOMBRE_E, PREGUNTAS_ID_UNICO_P, OP1, OP2, OP3, OP4) VALUES ('327', 'Sarah', 'Q2A', '1', '0', '0', '1');
INSERT INTO "EduardoFinal"."RESPUESTAPIVOTE" (PIVOTEID, ESTUDIANTES_NOMBRE_E, PREGUNTAS_ID_UNICO_P, OP1, OP2, OP3, OP4) VALUES ('328', 'Sarah', 'Q2A', '1', '0', '0', '1');
INSERT INTO "EduardoFinal"."RESPUESTAPIVOTE" (PIVOTEID, ESTUDIANTES_NOMBRE_E, PREGUNTAS_ID_UNICO_P, OP1, OP2, OP3, OP4) VALUES ('329', 'Sarah', 'Q3A', '1', '0', '0', '1');
INSERT INTO "EduardoFinal"."RESPUESTAPIVOTE" (PIVOTEID, ESTUDIANTES_NOMBRE_E, PREGUNTAS_ID_UNICO_P, OP1, OP2, OP3, OP4) VALUES ('330', 'Sarah', 'Q3A', '1', '0', '0', '1');
INSERT INTO "EduardoFinal"."RESPUESTAPIVOTE" (PIVOTEID, ESTUDIANTES_NOMBRE_E, PREGUNTAS_ID_UNICO_P, OP1, OP2, OP3, OP4) VALUES ('331', 'Sarah', 'Q3A', '1', '0', '0', '1');
INSERT INTO "EduardoFinal"."RESPUESTAPIVOTE" (PIVOTEID, ESTUDIANTES_NOMBRE_E, PREGUNTAS_ID_UNICO_P, OP1, OP2, OP3, OP4) VALUES ('332', 'Sarah', 'Q3A', '1', '0', '0', '1');
INSERT INTO "EduardoFinal"."RESPUESTAPIVOTE" (PIVOTEID, ESTUDIANTES_NOMBRE_E, PREGUNTAS_ID_UNICO_P, OP1, OP2, OP3, OP4) VALUES ('333', 'Sarah', 'Q4A', '1', '0', '0', '1');
INSERT INTO "EduardoFinal"."RESPUESTAPIVOTE" (PIVOTEID, ESTUDIANTES_NOMBRE_E, PREGUNTAS_ID_UNICO_P, OP1, OP2, OP3, OP4) VALUES ('334', 'Sarah', 'Q4A', '1', '0', '0', '1');
INSERT INTO "EduardoFinal"."RESPUESTAPIVOTE" (PIVOTEID, ESTUDIANTES_NOMBRE_E, PREGUNTAS_ID_UNICO_P, OP1, OP2, OP3, OP4) VALUES ('335', 'Sarah', 'Q4A', '1', '0', '0', '1');
INSERT INTO "EduardoFinal"."RESPUESTAPIVOTE" (PIVOTEID, ESTUDIANTES_NOMBRE_E, PREGUNTAS_ID_UNICO_P, OP1, OP2, OP3, OP4) VALUES ('336', 'Sarah', 'Q4A', '1', '0', '0', '1');
INSERT INTO "EduardoFinal"."RESPUESTAPIVOTE" (PIVOTEID, ESTUDIANTES_NOMBRE_E, PREGUNTAS_ID_UNICO_P, OP1, OP2, OP3, OP4) VALUES ('337', 'Sarah', 'Q5A', '1', '0', '0', '1');
INSERT INTO "EduardoFinal"."RESPUESTAPIVOTE" (PIVOTEID, ESTUDIANTES_NOMBRE_E, PREGUNTAS_ID_UNICO_P, OP1, OP2, OP3, OP4) VALUES ('338', 'Sarah', 'Q5A', '1', '0', '0', '1');
INSERT INTO "EduardoFinal"."RESPUESTAPIVOTE" (PIVOTEID, ESTUDIANTES_NOMBRE_E, PREGUNTAS_ID_UNICO_P, OP1, OP2, OP3, OP4) VALUES ('339', 'Sarah', 'Q5A', '1', '0', '0', '1');
INSERT INTO "EduardoFinal"."RESPUESTAPIVOTE" (PIVOTEID, ESTUDIANTES_NOMBRE_E, PREGUNTAS_ID_UNICO_P, OP1, OP2, OP3, OP4) VALUES ('340', 'Sarah', 'Q5A', '1', '0', '0', '1');

INSERT INTO "EduardoFinal"."RESPUESTAPIVOTE" (PIVOTEID, ESTUDIANTES_NOMBRE_E, PREGUNTAS_ID_UNICO_P, OP1, OP2, OP3, OP4) VALUES ('341', 'Andrew', 'Q1A', '1', '0', '0', '1');
INSERT INTO "EduardoFinal"."RESPUESTAPIVOTE" (PIVOTEID, ESTUDIANTES_NOMBRE_E, PREGUNTAS_ID_UNICO_P, OP1, OP2, OP3, OP4) VALUES ('342', 'Andrew', 'Q1A', '1', '0', '1', '0');
INSERT INTO "EduardoFinal"."RESPUESTAPIVOTE" (PIVOTEID, ESTUDIANTES_NOMBRE_E, PREGUNTAS_ID_UNICO_P, OP1, OP2, OP3, OP4) VALUES ('343', 'Andrew', 'Q1A', '0', '1', '1', '1');
INSERT INTO "EduardoFinal"."RESPUESTAPIVOTE" (PIVOTEID, ESTUDIANTES_NOMBRE_E, PREGUNTAS_ID_UNICO_P, OP1, OP2, OP3, OP4) VALUES ('344', 'Andrew', 'Q1A', '1', '0', '0', '1');
INSERT INTO "EduardoFinal"."RESPUESTAPIVOTE" (PIVOTEID, ESTUDIANTES_NOMBRE_E, PREGUNTAS_ID_UNICO_P, OP1, OP2, OP3, OP4) VALUES ('345', 'Andrew', 'Q2A', '1', '1', '0', '1');
INSERT INTO "EduardoFinal"."RESPUESTAPIVOTE" (PIVOTEID, ESTUDIANTES_NOMBRE_E, PREGUNTAS_ID_UNICO_P, OP1, OP2, OP3, OP4) VALUES ('346', 'Andrew', 'Q2A', '1', '0', '0', '1');
INSERT INTO "EduardoFinal"."RESPUESTAPIVOTE" (PIVOTEID, ESTUDIANTES_NOMBRE_E, PREGUNTAS_ID_UNICO_P, OP1, OP2, OP3, OP4) VALUES ('347', 'Andrew', 'Q2A', '1', '0', '0', '1');
INSERT INTO "EduardoFinal"."RESPUESTAPIVOTE" (PIVOTEID, ESTUDIANTES_NOMBRE_E, PREGUNTAS_ID_UNICO_P, OP1, OP2, OP3, OP4) VALUES ('348', 'Andrew', 'Q2A', '1', '0', '0', '1');
INSERT INTO "EduardoFinal"."RESPUESTAPIVOTE" (PIVOTEID, ESTUDIANTES_NOMBRE_E, PREGUNTAS_ID_UNICO_P, OP1, OP2, OP3, OP4) VALUES ('349', 'Andrew', 'Q3A', '1', '0', '0', '1');
INSERT INTO "EduardoFinal"."RESPUESTAPIVOTE" (PIVOTEID, ESTUDIANTES_NOMBRE_E, PREGUNTAS_ID_UNICO_P, OP1, OP2, OP3, OP4) VALUES ('350', 'Andrew', 'Q3A', '1', '0', '0', '1');
INSERT INTO "EduardoFinal"."RESPUESTAPIVOTE" (PIVOTEID, ESTUDIANTES_NOMBRE_E, PREGUNTAS_ID_UNICO_P, OP1, OP2, OP3, OP4) VALUES ('351', 'Andrew', 'Q3A', '1', '0', '0', '1');
INSERT INTO "EduardoFinal"."RESPUESTAPIVOTE" (PIVOTEID, ESTUDIANTES_NOMBRE_E, PREGUNTAS_ID_UNICO_P, OP1, OP2, OP3, OP4) VALUES ('352', 'Andrew', 'Q3A', '1', '0', '0', '1');
INSERT INTO "EduardoFinal"."RESPUESTAPIVOTE" (PIVOTEID, ESTUDIANTES_NOMBRE_E, PREGUNTAS_ID_UNICO_P, OP1, OP2, OP3, OP4) VALUES ('353', 'Andrew', 'Q4A', '1', '0', '0', '1');
INSERT INTO "EduardoFinal"."RESPUESTAPIVOTE" (PIVOTEID, ESTUDIANTES_NOMBRE_E, PREGUNTAS_ID_UNICO_P, OP1, OP2, OP3, OP4) VALUES ('354', 'Andrew', 'Q4A', '1', '0', '0', '1');
INSERT INTO "EduardoFinal"."RESPUESTAPIVOTE" (PIVOTEID, ESTUDIANTES_NOMBRE_E, PREGUNTAS_ID_UNICO_P, OP1, OP2, OP3, OP4) VALUES ('355', 'Andrew', 'Q4A', '1', '0', '0', '1');
INSERT INTO "EduardoFinal"."RESPUESTAPIVOTE" (PIVOTEID, ESTUDIANTES_NOMBRE_E, PREGUNTAS_ID_UNICO_P, OP1, OP2, OP3, OP4) VALUES ('356', 'Andrew', 'Q4A', '1', '0', '0', '1');
INSERT INTO "EduardoFinal"."RESPUESTAPIVOTE" (PIVOTEID, ESTUDIANTES_NOMBRE_E, PREGUNTAS_ID_UNICO_P, OP1, OP2, OP3, OP4) VALUES ('357', 'Andrew', 'Q5A', '1', '0', '0', '1');
INSERT INTO "EduardoFinal"."RESPUESTAPIVOTE" (PIVOTEID, ESTUDIANTES_NOMBRE_E, PREGUNTAS_ID_UNICO_P, OP1, OP2, OP3, OP4) VALUES ('358', 'Andrew', 'Q5A', '1', '0', '0', '1');
INSERT INTO "EduardoFinal"."RESPUESTAPIVOTE" (PIVOTEID, ESTUDIANTES_NOMBRE_E, PREGUNTAS_ID_UNICO_P, OP1, OP2, OP3, OP4) VALUES ('359', 'Andrew', 'Q5A', '1', '0', '0', '1');
INSERT INTO "EduardoFinal"."RESPUESTAPIVOTE" (PIVOTEID, ESTUDIANTES_NOMBRE_E, PREGUNTAS_ID_UNICO_P, OP1, OP2, OP3, OP4) VALUES ('360', 'Andrew', 'Q5A', '1', '0', '0', '1');



INSERT INTO "EduardoFinal"."RESPUESTAPIVOTE" (PIVOTEID, ESTUDIANTES_NOMBRE_E, PREGUNTAS_ID_UNICO_P, OP1, OP2, OP3, OP4) VALUES ('361', 'Bernie', 'Q1A', '1', '0', '0', '1');
INSERT INTO "EduardoFinal"."RESPUESTAPIVOTE" (PIVOTEID, ESTUDIANTES_NOMBRE_E, PREGUNTAS_ID_UNICO_P, OP1, OP2, OP3, OP4) VALUES ('362', 'Bernie', 'Q1A', '1', '0', '1', '0');
INSERT INTO "EduardoFinal"."RESPUESTAPIVOTE" (PIVOTEID, ESTUDIANTES_NOMBRE_E, PREGUNTAS_ID_UNICO_P, OP1, OP2, OP3, OP4) VALUES ('363', 'Bernie', 'Q1A', '0', '1', '1', '1');
INSERT INTO "EduardoFinal"."RESPUESTAPIVOTE" (PIVOTEID, ESTUDIANTES_NOMBRE_E, PREGUNTAS_ID_UNICO_P, OP1, OP2, OP3, OP4) VALUES ('364', 'Bernie', 'Q1A', '1', '0', '0', '1');
INSERT INTO "EduardoFinal"."RESPUESTAPIVOTE" (PIVOTEID, ESTUDIANTES_NOMBRE_E, PREGUNTAS_ID_UNICO_P, OP1, OP2, OP3, OP4) VALUES ('365', 'Bernie', 'Q2A', '1', '1', '0', '1');
INSERT INTO "EduardoFinal"."RESPUESTAPIVOTE" (PIVOTEID, ESTUDIANTES_NOMBRE_E, PREGUNTAS_ID_UNICO_P, OP1, OP2, OP3, OP4) VALUES ('366', 'Bernie', 'Q2A', '1', '0', '0', '1');
INSERT INTO "EduardoFinal"."RESPUESTAPIVOTE" (PIVOTEID, ESTUDIANTES_NOMBRE_E, PREGUNTAS_ID_UNICO_P, OP1, OP2, OP3, OP4) VALUES ('367', 'Bernie', 'Q2A', '1', '0', '0', '1');
INSERT INTO "EduardoFinal"."RESPUESTAPIVOTE" (PIVOTEID, ESTUDIANTES_NOMBRE_E, PREGUNTAS_ID_UNICO_P, OP1, OP2, OP3, OP4) VALUES ('368', 'Bernie', 'Q2A', '1', '0', '0', '1');
INSERT INTO "EduardoFinal"."RESPUESTAPIVOTE" (PIVOTEID, ESTUDIANTES_NOMBRE_E, PREGUNTAS_ID_UNICO_P, OP1, OP2, OP3, OP4) VALUES ('369', 'Bernie', 'Q3A', '1', '0', '0', '1');
INSERT INTO "EduardoFinal"."RESPUESTAPIVOTE" (PIVOTEID, ESTUDIANTES_NOMBRE_E, PREGUNTAS_ID_UNICO_P, OP1, OP2, OP3, OP4) VALUES ('370', 'Bernie', 'Q3A', '1', '0', '0', '1');
INSERT INTO "EduardoFinal"."RESPUESTAPIVOTE" (PIVOTEID, ESTUDIANTES_NOMBRE_E, PREGUNTAS_ID_UNICO_P, OP1, OP2, OP3, OP4) VALUES ('371', 'Bernie', 'Q3A', '1', '0', '0', '1');
INSERT INTO "EduardoFinal"."RESPUESTAPIVOTE" (PIVOTEID, ESTUDIANTES_NOMBRE_E, PREGUNTAS_ID_UNICO_P, OP1, OP2, OP3, OP4) VALUES ('372', 'Bernie', 'Q3A', '1', '0', '0', '1');
INSERT INTO "EduardoFinal"."RESPUESTAPIVOTE" (PIVOTEID, ESTUDIANTES_NOMBRE_E, PREGUNTAS_ID_UNICO_P, OP1, OP2, OP3, OP4) VALUES ('373', 'Bernie', 'Q4A', '1', '0', '0', '1');
INSERT INTO "EduardoFinal"."RESPUESTAPIVOTE" (PIVOTEID, ESTUDIANTES_NOMBRE_E, PREGUNTAS_ID_UNICO_P, OP1, OP2, OP3, OP4) VALUES ('374', 'Bernie', 'Q4A', '1', '0', '0', '1');
INSERT INTO "EduardoFinal"."RESPUESTAPIVOTE" (PIVOTEID, ESTUDIANTES_NOMBRE_E, PREGUNTAS_ID_UNICO_P, OP1, OP2, OP3, OP4) VALUES ('375', 'Bernie', 'Q4A', '1', '0', '0', '1');
INSERT INTO "EduardoFinal"."RESPUESTAPIVOTE" (PIVOTEID, ESTUDIANTES_NOMBRE_E, PREGUNTAS_ID_UNICO_P, OP1, OP2, OP3, OP4) VALUES ('376', 'Bernie', 'Q4A', '1', '0', '0', '1');
INSERT INTO "EduardoFinal"."RESPUESTAPIVOTE" (PIVOTEID, ESTUDIANTES_NOMBRE_E, PREGUNTAS_ID_UNICO_P, OP1, OP2, OP3, OP4) VALUES ('377', 'Bernie', 'Q5A', '1', '0', '0', '1');
INSERT INTO "EduardoFinal"."RESPUESTAPIVOTE" (PIVOTEID, ESTUDIANTES_NOMBRE_E, PREGUNTAS_ID_UNICO_P, OP1, OP2, OP3, OP4) VALUES ('378', 'Bernie', 'Q5A', '1', '0', '0', '1');
INSERT INTO "EduardoFinal"."RESPUESTAPIVOTE" (PIVOTEID, ESTUDIANTES_NOMBRE_E, PREGUNTAS_ID_UNICO_P, OP1, OP2, OP3, OP4) VALUES ('379', 'Bernie', 'Q5A', '1', '0', '0', '1');
INSERT INTO "EduardoFinal"."RESPUESTAPIVOTE" (PIVOTEID, ESTUDIANTES_NOMBRE_E, PREGUNTAS_ID_UNICO_P, OP1, OP2, OP3, OP4) VALUES ('380', 'Bernie', 'Q5A', '1', '0', '0', '1');